dest_taz,utility
1,-3.449856225395637
2,-3.334740249846238
3,-4.609832009805332
4,-3.1032179870233483
5,-0.1495633402216754
6,-3.808590185078593
7,-3.2043965132982875
8,-2.763505465504621
9,-3.7579851470776147
10,-3.8779242761824833
11,-0.8163971052832473
12,-2.300328019086475
13,-2.303651294076624
14,-4.20205491517742
15,-4.433008391460187
16,-3.7566021602056363
17,-3.022132867811595
18,-2.6543454079798634
19,-1.5891042498219106
20,-2.846685673042585
21,-2.3354994319646574
22,-3.0571973304609683
23,-6.166320169069135
24,-2.709850262011255
25,-3.197404280916606
26,-3.7118459560025796
27,-4.051718905899008
28,-4.167971642891563
29,-5.504360779070992
30,-4.738606746535318
31,-5.019505722705143
32,-3.1190336033053434
33,-3.892427070574006
34,-4.026136203909686
35,-6.097986529608606
36,-2.6697769112775926
37,-5.115689787029604
38,-4.467256754771422
39,-5.466402959195014
40,-4.590149566293648
41,-1.3892847130561732
42,-6.9261351152558435
43,-3.3158648236814887
44,-4.7260079259469085
45,-3.2705905328735083
46,-5.659243742028968
47,-4.454806375005123
48,-5.250147311476517
49,-6.515628607845963
50,-3.3791106125244887
51,-6.4156714876633085
52,-5.777552422213017
53,-6.322047555572206
54,-5.02109327384635
55,-6.002854162568817
56,-10.064774592805252
57,-9.359738118593897
58,-5.869390173913193
59,-6.459963775579022
60,-7.977849153655012
61,-6.680746727310903
62,-4.793445642406713
63,-5.950942450090159
64,-5.546420447761516
65,-3.9984305042521244
66,-3.875963060890501
67,-4.641163689710119
68,-5.556488608098013
69,-3.933846540625626
70,-2.966055495601453
71,-4.385702701832231
72,-5.8705703081295635
73,-2.981454266823393
74,-3.535103119369186
75,-2.7148804094135714
76,-4.033173560749234
77,-4.003272135754582
78,-7.529177024909706
79,-4.233266942319034
80,-7.263034642696792
81,-4.787078939122124
82,-3.1274580789536177
83,-5.001197008378235
84,-5.227524077627456
85,-4.659925771818171
86,-5.579839863829273
87,-5.366467588105433
88,-3.0052322322763745
89,-4.731914602242528
90,-7.987967717391139
91,-7.063576994354651
92,-7.4031132338587025
93,-6.958184558979243
94,-3.9599570965924897
95,-7.925553603566785
96,-7.286845492165009
97,-4.449468965622319
98,-5.146001468708707
99,-5.800736748713971
100,-3.663999940146568
101,-3.215004480487316
102,-3.917718570694184
103,-4.571217282598625
104,-4.381700333370007
105,-4.37859390293129
106,-2.8423536667711344
107,-1.518305807187736
108,-4.275552231914888
109,-3.812370913743208
110,-4.788917178957953
111,-3.8905415544845265
112,-4.932666996557375
113,-6.169208241320952
114,-3.5142163933190886
115,-6.160970200185662
116,-3.43688123133955
117,-5.864329141906901
118,-7.001659573679667
119,-4.612489643950582
120,-5.226888836626302
121,-4.367098352964202
122,-5.830377230024926
123,-3.9746281980404756
124,-5.290254005453626
125,-7.360964122506155
126,-8.863914134527349
127,-5.197684944750623
128,-5.91667755065745
129,-7.827400115613134
130,-4.5240230374138
131,-5.793730619732692
132,-5.525411003792563
133,-5.020731677987526
134,-4.569627282991125
135,-5.107052333844164
136,-7.973930630462361
137,-5.233267485003046
138,-4.360906018111065
139,-4.476348285744567
140,-8.25253756409735
141,-5.22985328762756
142,-3.055972613024638
143,-5.28378802861053
144,-8.860980172439788
145,-6.144474342710948
146,-9.71135779968753
147,-5.52144574861576
148,-6.456495706563922
149,-7.449958472181146
150,-4.327063272479733
151,-8.31312170187199
152,-7.043319775070304
153,-7.560339225173591
154,-7.316351305267735
155,-7.524700694864995
156,-9.407697428121118
157,-7.665485825603261
158,-9.78657516440215
159,-7.34077037427244
160,-9.208861726697265
161,-9.27460707905707
162,-5.934241528870293
163,-8.90474077527239
164,-4.348267896128488
165,-4.812075552154743
166,-7.0891689007852765
167,-5.449895077299835
168,-6.211762598332559
169,-5.614160154699837
170,-4.967664428281206
171,-5.243042005250891
172,-5.066845282260114
173,-6.676190168700723
174,-8.013044940511294
175,-5.134048717513144
176,-4.814812730816201
177,-4.304751242104453
178,-6.573056901802316
179,-7.822328951568816
180,-6.094340927447654
181,-7.568172395094664
182,-6.640343259289856
183,-5.53822137086843
184,-4.979723635532031
185,-5.039771094080325
186,-5.421878456797299
187,-4.657318190916097
188,-2.9383861246533716
189,-8.168005037195318
190,-9.737520815492154
191,-7.566689524098065
192,-3.5731559879665475
193,-6.103859437605367
194,-5.365761596413436
195,-9.062512651377801
196,-6.400014762553674
197,-5.204811658334295
198,-6.522111599433181
199,-2.995704151992153
200,-2.2174371083689266
201,-4.278355558379201
202,-5.672633392437376
203,-3.9555286932238722
204,-5.4175475967717395
205,-7.416894141179512
206,-9.406148586874933
207,-5.530341546365659
208,-3.8189500110063843
209,-8.551822901142021
210,-4.549771000960572
211,-3.6238249217477785
212,-2.3305611354741496
213,-5.277410278945629
214,-6.327786271456714
215,-5.355163604792283
216,-3.7017332228064994
217,-6.4821465734513914
218,-4.564327484991841
219,-5.304508289920506
220,-8.053456288435545
221,-6.789789337602889
222,-6.540287795754212
223,-7.192163314068247
224,-5.042149774776342
225,-6.554837276034148
226,-6.478516040668437
227,-9.330849647872826
228,-10.469860059961666
229,-8.647405385796082
230,-4.3362862629511
231,-8.232812315245921
232,-7.977406579369198
233,-5.319293217869455
234,-2.420860025589004
235,-4.430029316196247
236,-5.480629877879904
237,-4.265277057589293
238,-5.556638712579624
239,-3.8850967693696843
240,-3.5892487692901778
241,-7.590743463361283
242,-9.432995782974437
243,-7.57316283393841
244,-4.435555055822587
245,-7.530208483681451
246,-4.155172912405761
247,-9.118862496737261
248,-3.8342371803950055
249,-3.610489609351844
250,-4.492460525862896
251,-2.9767604209301526
252,-8.872782298046026
253,-7.909012102846207
254,-7.568559431159553
255,-4.91531957921429
256,-7.200129143609198
257,-3.379991159912586
258,-6.704816555006885
259,-4.9984235305659
260,-4.21047512300186
261,-7.147873890493841
262,-5.836580578400316
263,-8.383171886389807
264,-5.2000807663131425
265,-3.426429545697313
266,-2.2834423144625244
267,-8.474203590677103
268,-7.240200231324612
269,-8.029949742981689
270,-5.491999738726336
271,-7.00612960269068
272,-9.37168399850923
273,-9.43145531690455
274,-4.5168195001060365
275,-5.162759476540701
276,-6.524262636186556
277,-6.545474426031174
278,-3.8462167190599645
279,-3.9190517210080014
280,-4.147538872106409
281,-4.761999900212829
282,-5.597179119371601
283,-7.340639193255235
284,-2.202799779544291
285,-8.048342338626764
286,-4.372780882823319
287,-5.205537146764665
288,-7.700780507441786
289,-5.882957269356292
290,-9.490597421695389
291,-5.574078532464171
292,-7.354587776463788
293,-9.17093229759885
294,-7.762349060812255
295,-6.1713898991296965
296,-6.730684349618561
297,-8.759600134724257
298,-6.223899363032879
299,-6.039930517295508
300,-7.421636494077613
301,-6.030038259781311
302,-8.738420302553818
303,-6.648287236695571
304,-9.243254370676311
305,-9.684040728845721
306,-9.40264783205443
307,-9.132791347290164
308,-8.60980128266214
309,-3.646815696292526
310,-2.6666587873801095
311,-4.990679233809714
312,-6.281939358340936
313,-3.2480203075723404
314,-3.5446766588366767
315,-2.5708410657835845
316,-4.140671564441379
317,-6.168374748249022
318,-7.241259852165056
319,-9.453660447620019
320,-6.052642563902959
321,-7.419832828764111
322,-5.99554181469428
323,-3.6535839726657144
324,-4.077895610366529
325,-4.841080014501067
326,-4.189749482987791
327,-4.474432622747132
328,-5.994721441695599
329,-4.805632670711473
330,-6.362408447318579
331,-4.825661911727602
332,-3.305177502505937
333,-2.9581061608031236
334,-5.809108850621091
335,-3.2738096720827237
336,-4.058422419430632
337,-8.94749854734177
338,-8.803875365328711
339,-6.261356380810758
340,-5.176461344592361
341,-2.631298259312514
342,-7.878444760783635
343,-7.627203108954538
344,-9.243739477412735
345,-6.4763814977168
346,-5.207014185314886
347,-7.423666574642889
348,-1009.3086722900391
349,-7.813795916307527
350,-9.117856249609257
351,-3.180604921741452
352,-9.626835142158402
353,-5.179664293920595
354,-4.55778755154548
355,-2.163778175549507
356,-2.242672850272311
357,-6.928791920021175
358,-5.945054344787057
359,-8.780293215905749
360,-6.548537488843027
361,-4.45249407257982
362,-4.617691188046874
363,-8.816781154892784
364,-5.103258483980221
365,-4.089352310658534
366,-4.070219122651045
367,-4.953581742656964
368,-5.26241608502745
369,-6.678925472433999
370,-3.9193236296056053
371,-6.076439711823621
372,-2.576265978096317
373,-4.85337819210076
374,-3.2855318716943644
375,-6.89321870006501
376,-4.542098172061395
377,-5.089810924197607
378,-4.651617176281862
379,-6.647546377723806
380,-5.751297726934835
381,-4.104737815848346
382,-6.823798462508189
383,-5.047140686171314
384,-6.90046482475113
385,-8.671803005380339
386,-9.814092089092382
387,-6.046236122504574
388,-5.656607729288861
389,-4.238537553911869
390,-6.755891762367465
391,-4.094891194394311
392,-5.77424861878914
393,-5.588074790479009
394,-6.114791926904274
395,-7.057270603299415
396,-8.04927066347748
397,-3.8639371599983825
398,-4.483650207823185
399,-5.7491454335158725
400,-7.720147672388252
401,-3.432253253243224
402,-9.100152254968009
403,-5.880136790411221
404,-6.404885108746568
405,-1.4248484880443995
406,-2.978602598652569
407,-1.8615206147468806
408,-2.400103838319229
409,-4.159228433756992
410,-6.268570730488602
411,-7.271543469098939
412,-3.772120140771837
413,-4.281182805771744
414,-3.147642474501491
415,-3.997861653395537
416,-4.910580898169502
417,-5.272989603992064
418,-4.272487884675324
419,-7.583827184075136
420,-5.9165571839581235
421,-6.745373332917897
422,-5.632765749225508
423,-6.650438368423705
424,-5.437066043875474
425,-5.2454037865660466
426,-4.424441779969098
427,-3.2767546420303404
428,-3.2715037501780557
429,-5.317158396928493
430,-4.321641168710095
431,-5.392378654473038
432,-2.482728815576186
433,-5.7309366819954155
434,-5.384889181480132
435,-3.6753862693108053
436,-4.724987608226007
437,-4.226375915139617
438,-5.850621848069002
439,-4.367650044733238
440,-6.951270015003989
441,-4.727652711499449
442,-5.415864518771044
443,-8.942036932930478
444,-4.5130435184974615
445,-4.7693844159288
446,-4.765157820786985
447,-5.478432742864656
448,-4.168985694851105
449,-3.6374156940352496
450,-4.074762190980638
451,-4.021183890352622
452,-7.60529255180529
453,-4.126775574325987
454,-9.043556334568615
455,-4.813842074765048
456,-4.2180709454523
457,-7.55269779519438
458,-7.706184036777447
459,-4.457680729767801
460,-4.22821240463302
461,-7.647014830485375
462,-3.919648352283753
463,-4.30806044116075
464,-8.845988283641978
465,-3.1772352986509755
466,-1.3740369255663047
467,-3.4770809016380504
468,-4.729246831804425
469,-5.413796462054107
470,-5.124966172746919
471,-3.7631381044384007
472,-7.206455229830322
473,-6.868827160618903
474,-7.062753002182492
475,-3.527708795876568
476,-4.129256395537755
477,-5.546217637028645
478,-3.2772568989852866
479,-7.6994269188203095
480,-7.26828650946059
481,-5.951640321210849
482,-9.426941639980999
483,-5.748480146708543
484,-5.154757810860343
485,-3.8826285403032585
486,-4.164875847602956
487,-5.548657639126989
488,-8.630276389602226
489,-8.803057166562986
490,-5.263904335651653
491,-5.350094890607461
492,-5.780616266006223
493,-7.701891372269942
494,-6.893204254063849
495,-10.398560304199126
496,-8.357078032254666
497,-8.885149340520522
498,-5.170974280149775
499,-4.7729167594526185
500,-9.593629661204519
501,-7.360754449745981
502,-4.568818815948319
503,-4.705099353831447
504,-4.030293745908979
505,-9.893445720211021
506,-7.3800150998425975
507,-6.728882422573455
508,-7.435924008926878
509,-5.672544206402587
510,-9.293558345905137
511,-5.312136062390357
512,-11.9489198856463
513,-10.099662965304852
514,-5.867608096081495
515,-7.454638395312829
516,-10.401080217542154
517,-6.2480595796502625
518,-4.468951129626928
519,-6.578232165533129
520,-5.9294860383104515
521,-4.7868120872685855
522,-6.349366419065364
523,-4.129892839348176
524,-7.714602302345135
525,-6.131267184873119
526,-6.1637240773324535
527,-5.051200059634368
528,-5.009556687789376
529,-4.979152587852945
530,-3.5058585716329107
531,-2.5004349982223495
532,-5.555842410088129
533,-5.190056554681355
534,-4.840806815814502
535,-4.329672051835361
536,-4.773962979105015
537,-3.6827803790296896
538,-5.838302433479376
539,-3.0682947438814736
540,-5.61515439883057
541,-4.66692196469995
542,-5.325185132716656
543,-4.7026465467478396
544,-4.168357913197823
545,-5.953631880927837
546,-5.199453367648972
547,-3.9883468885635276
548,-4.965734826101713
549,-4.22522975197523
550,-6.479086093071325
551,-4.730058604067218
552,-8.647865759386484
553,-6.203101917118337
554,-5.3634484788686025
555,-5.136170050904306
556,-6.820421012209111
557,-3.826527080201708
558,-4.388314004782524
559,-6.28551951044731
560,-5.832410601577459
561,-5.030765411851977
562,-7.35092020770764
563,-2.837352408019596
564,-4.072084853747379
565,-8.941701919353097
566,-6.009955897349462
567,-5.040769591768706
568,-6.410569210480251
569,-9.903172786758317
570,-5.479403186255438
571,-8.996541204730615
572,-8.914381190242475
573,-9.822735871221916
574,-8.506609542007112
575,-5.825594776899138
576,-6.104860017160412
577,-9.38915121708276
578,-5.047674676583838
579,-3.645897465707116
580,-5.685995428352821
581,-4.578906410317829
582,-4.303603670937653
583,-2.384154057371439
584,-5.7187569713265365
585,-4.70752492359032
586,-4.377836421640142
587,-6.656904840532354
588,-5.882828217499043
589,-5.2474874202805974
590,-2.762293937488188
591,-4.8189917147774235
592,-6.224220978530723
593,-4.37731755051369
594,-5.1412996560694015
595,-5.707389876927744
596,-3.957658990828115
597,-5.494273170781224
598,-6.193219259484816
599,-4.572480486155554
600,-5.584540081862413
601,-5.077339471586322
602,-4.176678627882844
603,-3.4900976532734873
604,-4.3491013434482495
605,-2.2384817353483957
606,-3.89977974063369
607,-0.27081458331037034
608,-1.937456162109183
609,-3.466955591021531
610,-2.866160625457691
611,-2.889744109520713
612,-3.515451034108782
613,-2.683061093124139
614,-3.614253531410607
615,-5.472531579802223
616,-5.877533276006977
617,-3.2001182173984732
618,-8.054627337945437
619,-5.627415349771217
620,-3.591701225467057
621,-2.6578565626596564
622,-5.234266313711665
623,-7.077840552456779
624,-8.249853052155036
625,-3.62615355145166
626,-6.459102926507725
627,-3.488979879648917
628,-6.135289005617425
629,-7.239047279794141
630,-3.841578246836068
631,-8.005948154775412
632,-2.3147335965702966
633,-7.076471978986284
634,-4.319830135669296
635,-5.559785919011462
636,-4.406963243917156
637,-8.330772594054704
638,-7.076293911387438
639,-4.3573247409882025
640,-6.993181631835251
641,-7.578721587668868
642,-9.698622382334236
643,-9.366144877288479
644,-4.676180915330407
645,-6.509663894045986
646,-9.622481023289938
647,-8.323066316254973
648,-9.24901514034088
649,-4.794946477169253
650,-4.9916793265069686
651,-6.9430165257472005
652,-7.165552753168905
653,-6.204777518815397
654,-9.324371327241598
655,-8.934163770790482
656,-7.676015558093768
657,-5.292392810615606
658,-10.948882844838332
659,-7.07680633353542
660,-6.762860743088846
661,-6.627295083634554
662,-9.537471250660175
663,-9.83776874354095
664,-10.210836827815623
665,-5.941335702840106
666,-9.231139338528694
667,-6.574865006496629
668,-9.840047736206024
669,-6.7089093404356355
670,-9.224053348501283
671,-5.4191659644278
672,-5.191047639002422
673,-7.78164221165205
674,-6.029364799656287
675,-6.2770892531729015
676,-4.515113257434219
677,-3.523776682564364
678,-8.751865871742083
679,-5.309279455526618
680,-4.209592182334413
681,-6.455976742901643
682,-6.127022017118227
683,-5.536810782528588
684,-5.305566294635242
685,-7.966883412914822
686,-5.298105806844062
687,-4.2190057238350445
688,-6.220521868870818
689,-7.309539292229236
690,-6.038819836405905
691,-10.918554017145858
692,-6.2211951127053355
693,-6.70318703713191
694,-9.50429336876809
695,-9.950084312809306
696,-8.12207300001914
697,-10.304081756273657
698,-8.883485909546039
699,-10.407229016657809
700,-7.483956544891087
701,-9.32332255521748
702,-8.525073837358033
703,-11.357589040512657
704,-12.239487513771259
705,-11.289697888768517
706,-8.064228411485685
707,-9.291247721817047
708,-13.418251039293274
709,-9.190908850331013
710,-10.79550254953533
711,-13.123199973499757
712,-10.01827156177633
713,-10.727705559258446
714,-7.2342049529439025
715,-2.2347846338397046
716,-4.2131520199671595
717,-4.1182444222416565
718,-2.016541972951795
719,-3.560466756912395
720,-5.2025596507375775
721,-0.6927417164604508
722,-3.324493034719606
723,-2.306705712873642
724,-1.131076676275268
725,-3.3803114770260914
726,-3.4697109912465116
727,-6.880380271399429
728,-2.3114967332632883
729,-0.9417460828859117
730,0.3350021646311987
731,-5.447766143319595
732,0.26873873472721765
733,0.55843260385622
734,-1.9786592982674183
735,-3.0238226068176406
736,1.4382764276254596
737,-0.4883647637713624
738,-4.973691359872527
739,-0.8297709090328826
740,-0.8112755733044335
741,-2.3725284177332204
742,0.9497447816154665
743,-1.3908407060587065
744,-0.8521370097810292
745,-6.113521725013559
746,-1.7199169656965267
747,-5.715722265746262
748,-6.7893899694050885
749,-3.279416741921235
750,-1.5432055543910739
751,0.16474123458083323
752,-0.2928745943545401
753,-3.8585181091781173
754,-2.4744328645778815
755,-1.9332604308048253
756,-0.8268111134614626
757,-4.4695129929683795
758,-3.9633257955474988
759,-5.080663990059153
760,-2.6868999647916523
761,-1.1810691433596467
762,-4.527208730441874
763,-4.2730448445568765
764,-1.409940760388812
765,-1.9032721864512778
766,-3.4451688020125006
767,0.43878715049602324
768,-2.568800682455122
769,-5.092883734566312
770,-2.3205115181950893
771,-1.4273181451827321
772,-3.658281205802277
773,-2.0131464371589676
774,-1.825527892959557
775,-3.551275829705897
776,-3.9273455050944435
777,0.1188640105414418
778,-4.114110932389583
779,-2.6578252691604556
780,-4.285491844806021
781,-5.794008546426698
782,-3.295824598654259
783,-6.432707180244702
784,-1.6472345087306728
785,-2.8867152337161315
786,-3.80820438917675
787,-1.952057565160053
788,-4.473712408259177
789,-6.586793800566699
790,-6.266187733016724
791,-2.1773514036050186
792,-6.769311061103015
793,-3.321785287334098
794,-4.5601980300081575
795,-4.828263758966502
796,0.28977111491999796
797,-0.9907063405019487
798,-4.507914318484115
799,-4.4578272947230815
800,-2.549531282235515
801,-1.1265713105315092
802,-5.576478208272791
803,-5.457713091529795
804,-2.5099024857502696
805,-3.4507665634982074
806,-0.8185855143939484
807,-2.911835659373665
808,-6.646165403528441
809,-1.7348682059142542
810,-0.45169497949473314
811,-1.3618981352275394
812,0.006667808792832908
813,-2.4219443398293405
814,-2.6144745244509426
815,-6.391825460747164
816,-3.067775812419841
817,-2.449573825262606
818,-1.887667311902102
819,-1.3536099824566765
820,-2.6675511408527077
821,-2.450759880339292
822,-4.423798616986438
823,-3.6932720285868235
824,-1.891931094980908
825,-3.8740956959520583
826,-2.4589703492683714
827,-2.190247460028428
828,-0.8814138605979176
829,-6.541622687871131
830,-1.8764944169643378
831,-2.3971332197627557
832,-3.164497514724821
833,-3.0527640996618635
834,-4.473991999765796
835,-2.783632324071707
836,-1.3376093949055097
837,-4.914300207114667
838,-1.385083388733647
839,-1.1489844560520543
840,-1.1904727306684943
841,-4.911472955907664
842,-2.1155031228085246
843,-5.94252511255591
844,-2.5704158789116853
845,-4.211425238705372
846,-2.53723416677538
847,-1.3382876501615417
848,-0.6668289422896843
849,-3.5237344010888707
850,-4.855939927722488
851,-6.661488607035714
852,-3.707536302394169
853,-3.630452505110753
854,-2.539126497078766
855,-4.141750080851601
856,-2.0323573833626813
857,-1.8783831857785973
858,-1.1767018342440432
859,-3.7682595361000466
860,-2.322190499348973
861,-5.3618032407706036
862,-0.25870076901729977
863,-0.2713142106246149
864,-1.3048039608160735
865,-4.455074217260185
866,-6.602264862329303
867,-3.4215237462785364
868,-4.715535619102106
869,-2.724825904262164
870,-2.5646975446253055
871,-1.1627861474562584
872,-1.4790056278463268
873,0.14339557274704706
874,-3.7177499698149594
875,-0.9706094087220567
876,-7.081147982058161
877,-5.595900442013859
878,-2.4848120579543282
879,-4.100486848950531
880,-5.399813250987309
881,-6.0670252157529365
882,-5.04985652301323
883,-6.493711619162248
884,-5.317336731592789
885,-3.1846380836896477
886,-3.0579090246420355
887,-5.352479647100189
888,-5.039620159899419
889,-5.616727662327164
890,-3.2927758486407503
891,-4.316093868842984
892,-3.5246729138739488
893,-4.602223261957433
894,-4.548152053581658
895,-4.175078123069582
896,-1.3272403567794546
897,-1.5732806680878557
898,-4.514268340174761
899,-4.882601601376755
900,-2.3357838199517786
901,-6.105409947392993
902,-3.0430031366171244
903,-4.292823152525756
904,-4.7009045314433076
905,-4.565485665259467
906,-2.033460076032749
907,-3.6898036686538522
908,-3.3751665872907006
909,-4.096683173127223
910,-6.337288144789183
911,-2.497730450034897
912,-6.536620743951654
913,-1.4321104147717847
914,-5.435323397088913
915,-5.946710141219951
916,-1.4567051772589181
917,-3.065845502184305
918,-3.9479866721624672
919,-7.07104770613833
920,-5.989830424369426
921,-4.093323376671128
922,-3.42509850739739
923,-1.83906225251493
924,-2.689223097070122
925,-2.261177217028953
926,-0.6790279150649754
927,-3.8353546669787253
928,-4.977198011968931
929,-5.1369021408537066
930,-6.172323416749516
931,-5.839712087410557
932,-6.075825485822602
933,-4.1204147467447125
934,-2.8958706560229297
935,-5.2715414050763485
936,-6.035966209056083
937,-2.6479941295288363
938,-4.731793786589762
939,-2.685010205063347
940,-3.1115242768322293
941,-5.755176805182598
942,-2.1979844762888376
943,-5.2162080743473975
944,-2.2754630132328257
945,-4.632861379105157
946,-1.8778508691458882
947,-1.3731301546907337
948,-3.0352006755117937
949,-2.824385203909049
950,-2.906710300593712
951,-4.282542496317579
952,-2.5418070744434713
953,-2.7216738821198936
954,-0.8836971625145091
955,-2.4587862281667263
956,-2.70914239369215
957,-6.752432492915402
958,-6.370614932162272
959,-3.425906172343664
960,-2.2907582934577375
961,-5.299725981926317
962,-4.449909934365092
963,-4.541601863793744
964,-4.454845739051512
965,-4.732784281489385
966,-3.5261960643543513
967,-0.9505405881804405
968,-1.4447890951712763
969,-2.2637539000479334
970,-2.7585059878672693
971,-1.8244919903393484
972,-0.9875619218280596
973,-2.8151282143238285
974,-1.383346447692892
975,-3.7655084379574
976,-1.7877496718195367
977,-3.982697462704926
978,-3.9982743564758034
979,-1.019386625935569
980,-5.956794385151128
981,-4.162951936181496
982,-3.5516109698912874
983,-4.373458234190226
984,-7.372996824445051
985,-7.003586207107286
986,-3.586675702594238
987,-5.545637327278441
988,-0.8924064958941536
989,-5.015199385473771
990,-4.763083043685052
991,0.4011457112512149
992,-5.1283439731348075
993,-3.174503647159307
994,-5.855943230642058
995,-4.507705069515521
996,-2.839992776633574
997,-6.578645641456975
998,-1.668722673884659
999,-1.6001717912791458
1000,-2.801948258001107
1001,-5.214834708681165
1002,-3.8460470818528156
1003,-1.6718172776370688
1004,-3.2626772950083964
1005,-2.4791552321582593
1006,-2.625518572133201
1007,-6.621147218028639
1008,-1.1463273828297336
1009,-2.2203478963666345
1010,-2.8224431565201717
1011,-0.6454728704825508
1012,-6.095660839727074
1013,-2.8636255709568923
1014,-0.04538395587589772
1015,-2.554751170992958
1016,-2.3398175922685605
1017,-3.8895447443490454
1018,-1.1850487853491796
1019,-3.9350679879729316
1020,-4.824671119560989
1021,-2.2618363814652103
1022,-3.6175767776409327
1023,-2.538312743625812
1024,-3.418377454263358
1025,-2.9844722999635698
1026,-2.8331893665547803
1027,-1.4795074066623686
1028,-5.610693213632881
1029,-5.318714772315422
1030,-6.9424444003385055
1031,-5.467058965292599
1032,-3.3945842019267483
1033,-2.375731255668077
1034,-2.471621680946824
1035,-4.814881664437641
1036,-3.9302605281328655
1037,-3.671354050737988
1038,-1.6281116617605766
1039,-2.3517524584373657
1040,-3.109930380889489
1041,-0.9051080639635964
1042,-6.898335720149776
1043,-5.010769716305453
1044,-4.357104215799726
1045,-6.322015399874559
1046,-6.939825838900878
1047,-2.1622086208642646
1048,-2.980349374635246
1049,-1.6296591737685002
1050,-1.9202928512066162
1051,-0.92208817905962
1052,-7.055411144618889
1053,-5.411234463691388
1054,-2.523836636546701
1055,-3.2639771049142556
1056,-3.8622867658140896
1057,-3.642430727541633
1058,-2.399563530880159
1059,-0.9048071063516909
1060,-3.5243715005673044
1061,-2.472139721046503
1062,-3.183962375855823
1063,-4.8766401170232125
1064,-4.60321401612179
1065,-3.8011617576786447
1066,-1.3866556555579441
1067,-2.6105102051030604
1068,-5.384072745915064
1069,-0.022154488114187743
1070,-4.509814503518945
1071,-4.2677710477411015
1072,-2.7138638587322674
1073,-2.2896709077491444
1074,-0.30937711801496803
1075,-2.153063536615141
1076,-5.362761609437223
1077,-4.719310407598391
1078,-5.573598218444451
1079,-3.0535722581920695
1080,-2.1265597420764113
1081,-5.21850058450708
1082,-3.621678950968124
1083,-2.3923765169128863
1084,-3.4003840200980253
1085,-2.6830446323976416
1086,-2.406225979842181
1087,-5.559596384450991
1088,-6.854889369431437
1089,-2.8814954943652182
1090,-4.241961873715569
1091,-1.7873239741156706
1092,-3.9905286316096276
1093,-6.180214014475158
1094,-3.32278831883831
1095,-1.926619164606997
1096,-0.42558559809437035
1097,-0.7795237667962507
1098,-2.5677027795918113
1099,-3.139568982260803
1100,-2.1137115493213496
1101,-5.509585262478936
1102,-7.264945014470085
1103,-1.8291862738489932
1104,-6.301476617617384
1105,-6.85579459905363
1106,-1.3117842674507925
1107,-4.814143164751776
1108,-1.0701897133289195
1109,-5.427841384144402
1110,-1.0985696469214936
1111,-4.697039294880849
1112,-2.586527170772534
1113,0.5252881288258813
1114,-2.6319979437955725
1115,-2.566282332657093
1116,-3.187754086999701
1117,-5.337331627333187
1118,-0.23777263196455056
1119,-2.3291044447937725
1120,-1.8945706208728437
1121,0.9118257895760955
1122,1.7024873722761367
1123,0.49993216323134515
1124,-1.7362804869656774
1125,-1.6126288306893581
1126,-3.3962880992372826
1127,-2.599513419331962
1128,-2.1375434902177872
1129,-2.0775059845834
1130,-4.119287117654356
1131,-2.3337338140593555
1132,-3.9175756526179426
1133,-1.3773492274769286
1134,-0.4456571778547085
1135,-5.428515912860521
1136,-3.378158721577996
1137,-0.27500699414894836
1138,-2.957090185891376
1139,-6.107216035247013
1140,-1.609475615980676
1141,-2.3617797812839925
1142,-4.682186568569368
1143,-4.325432486605839
1144,-1.9990504021054392
1145,1.097682615299636
1146,1.3582636816153846
1147,-1.0985615319017317
1148,-3.9932642037815986
1149,-2.90728629850789
1150,-0.6814830943672314
1151,-5.897283034385014
1152,-0.3964484680465441
1153,-3.1226804449368384
1154,-2.5759716125519816
1155,-7.113635325317568
1156,-2.7958414578873603
1157,-3.184414012783308
1158,-1.0454811017460504
1159,-4.333720260079911
1160,-3.2885309842016364
1161,0.7053076121230122
1162,-4.454335844376168
1163,-5.908291918794267
1164,-2.3566647477313936
1165,-3.668039076609233
1166,-2.1265018316258866
1167,-3.8441683776386375
1168,0.2218125397208004
1169,0.4646765023990467
1170,0.3049572198892365
1171,-1.645160267707226
1172,-2.4126769901625895
1173,-4.876830779338595
1174,-5.741400412770332
1175,-0.7619589581165709
1176,-0.8082384322003602
1177,-3.266774909786071
1178,-0.7520845457553733
1179,-2.1287498579913464
1180,-3.0744115968321157
1181,-6.649693483393047
1182,-2.793085321349862
1183,-3.5173051126794377
1184,-4.3584602857926935
1185,-1.4811156641192653
1186,-2.159253227259362
1187,-2.8281791275721124
1188,-3.375957575001072
1189,-1.3366578128656466
1190,-3.334327861056485
1191,-3.169066683899569
1192,-7.885054812558305
1193,-2.5077415669926575
1194,-3.92377476193991
1195,-5.01192698060288
1196,-6.607060920942706
1197,-2.7026094818991107
1198,-2.62959028174068
1199,-2.220719370256086
1200,-5.57354610571988
1201,-3.830741241814069
1202,-7.909634963615953
1203,-3.846426610832042
1204,-2.8696040348258256
1205,-8.151332843150254
1206,-4.665168779675529
1207,-6.945090818355924
1208,-3.3857130274642024
1209,-5.930786270332014
1210,-4.536290483711214
1211,-1.304945323655434
1212,-2.3025153537233756
1213,-1.889819092764796
1214,-3.489994800776818
1215,-1.856296721813007
1216,-6.41962867709529
1217,-5.454941298879405
1218,-5.450563032819376
1219,-3.38511727878663
1220,-5.029428639449444
1221,-6.3455520888134
1222,-4.992246731365485
1223,-3.4077145950358387
1224,-2.9267662768951617
1225,-2.1664975402949374
1226,-2.480157373603035
1227,-3.223049255857099
1228,-6.733409980713211
1229,-2.3550347147117785
1230,-2.7626068412029117
1231,-2.66008533380276
1232,-2.678031083323302
1233,-3.9443799117965392
1234,-2.044017460866093
1235,-5.231902005689988
1236,-3.3833012884610696
1237,-6.937681826174519
1238,-5.064571854821516
1239,-7.15369499664989
1240,-0.9890146792351233
1241,-0.8784743300419038
1242,-2.8648606495389544
1243,-4.578757784951605
1244,-4.6531824531337875
1245,-4.707749353088536
1246,0.39174650091568175
1247,-1.4013006303452933
1248,-1.151540819691756
1249,-1.2879619769011175
1250,0.5618341134391871
1251,-0.7991454336208506
1252,-2.9867750089780127
1253,-4.662083581709998
1254,-5.807227579169355
1255,-2.50460473431105
1256,-2.8780540467200733
1257,-4.682287133114361
1258,-4.0504880512885
1259,-0.8612474083254504
1260,-3.3253540821900134
1261,-1.4589607375852287
1262,-2.1953254161959874
1263,-2.7405735129421194
1264,-0.9238947651917799
1265,0.9269047206884844
1266,-1.3934394102045866
1267,-1.8666311718552828
1268,-2.5353148013810154
1269,-1.274176192818456
1270,-3.52231471062906
1271,-3.8452379993652883
1272,-1006.9791357421875
1273,-3.0002172884523093
1274,-2.180984277202123
1275,-3.3898135543070724
1276,-2.933684019010771
1277,-4.725617456314753
1278,-5.761452935053189
1279,-2.69457385472385
1280,-0.4221424288055058
1281,-1.713903084302018
1282,-1.6820325852456683
1283,-3.882005863414541
1284,-1.755232285565186
1285,-5.169755913016529
1286,-6.580890179266986
1287,-5.166378066777602
1288,-3.7807302623742975
1289,-3.9359195566419087
1290,-2.8142940314478215
1291,-2.34768562834914
1292,-2.089723508999584
1293,-5.024318122040141
1294,-5.425382109425706
1295,-1.958818631628242
1296,-4.979220449532252
1297,-3.552257818271052
1298,-2.4390494909334866
1299,-3.1521004426361507
1300,-6.7420224624959
1301,-4.314545865283975
1302,-2.5904962145446486
1303,-8.55642526093732
1304,-4.323509837933162
1305,-2.9394761802175804
1306,-3.18096977552156
1307,-6.459525025828933
1308,-8.060665297140293
1309,-6.090849173208902
1310,-6.661928175492895
1311,-6.52499534392328
1312,-12.304879675729232
1313,-9.936427810142368
1314,-6.362763717150642
1315,-8.419858811775395
1316,-11.563835072645633
1317,-9.306823681303923
1318,-7.666022042460595
1319,-7.137787970463372
1320,-5.062009990793024
1321,-8.089179478911356
1322,-8.297443171113608
1323,-4.120549902828868
1324,-5.0912453368706965
1325,-6.212508560906258
1326,-11.314326331809184
1327,-11.156386419698748
1328,-8.65640673137969
1329,-6.209559254259657
1330,-6.45499119430478
1331,-5.760556052741982
1332,-5.2951375161992855
1333,-7.875268839912042
1334,-10.961418324895153
1335,-5.421810592492641
1336,-6.604417914839672
1337,-6.784890071563155
1338,-8.765079209606615
1339,-7.746194898051821
1340,-10.831692272027848
1341,-11.15979443512812
1342,-10.160638236146564
1343,-9.726811791798653
1344,-7.309232064656167
1345,-8.736082896734956
1346,-9.362838397714121
1347,-9.95236422372936
1348,-6.736004505257511
1349,-10.520674996373842
1350,-9.32683134142046
1351,-10.427473859738058
1352,-13.89468101999773
1353,-10.027867894318582
1354,-9.334495431869538
1355,-13.622503448401117
1356,-10.449846541001701
1357,-9.687157051935365
1358,-8.424797447896992
1359,-8.103170090257818
1360,-9.79641159967684
1361,-7.117190043479246
1362,-9.415681312032499
1363,-9.72167238656844
1364,-10.698698198775379
1365,-9.959262812618574
1366,-9.64278434233487
1367,-12.399875583804386
1368,-10.935667607796749
1369,-8.997910302826867
1370,-10.737043150963306
1371,-11.129858557996162
1372,-12.264833708726368
1373,-9.697852311039219
1374,-7.635598765720321
1375,-9.67557872288521
1376,-8.811031178229275
1377,-10.570450001858799
1378,-8.450730711128214
1379,-10.15288306562827
1380,-6.94516727082984
1381,-9.415756308135165
1382,-12.092894071607205
1383,-11.22141489306085
1384,-9.136311460817417
1385,-12.045275022966784
1386,-9.220479391926675
1387,-11.441749269008412
1388,-14.526517907631144
1389,-12.762823569090923
1390,-14.347222095931317
1391,-12.78439607631802
1392,-13.04160756823471
1393,-13.048824873685492
1394,-14.788218397333095
1395,-9.814712565201958
1396,-11.204646828449889
1397,-12.081565580743284
1398,-14.37013583733548
1399,-10.801994682059977
1400,-13.96503622535589
1401,-14.334080302023121
1402,-16.004194054645954
1403,-18.58337326263709
1404,-7.654847066217421
1405,-3.5718237715324257
1406,-5.528169958166526
1407,-5.001706151498802
1408,-7.372672574064582
1409,-5.213488382015619
1410,-4.581319269260913
1411,-7.586767554464334
1412,-4.377911838771223
1413,-6.806244145141506
1414,-7.221270646092093
1415,-8.50746869484204
1416,-9.916772865653073
1417,-11.584266961785577
1418,-8.787481417107937
1419,-5.711628829514484
1420,-6.0681145488460615
1421,-3.995003154955091
1422,-6.240665791089857
1423,-7.533263358811949
1424,-4.151767466600615
1425,-5.48766574844647
1426,-6.237353903541587
1427,-3.4694998383119744
1428,-2.290871334439207
1429,-3.181180643230613
1430,-3.308316593136718
1431,-5.409054590568364
1432,-4.622626790009657
1433,-9.891522264635396
1434,-6.053088053022249
1435,-8.937737017202016
1436,-4.683243711015179
1437,-4.125351440361839
1438,-2.611438637064264
1439,-1008.7606080322265
1440,-4.661993828413391
1441,-3.324149270288448
1442,-3.602769954594823
1443,-4.802155328225767
1444,-6.046137471922342
1445,-6.715487749224222
1446,-6.690548441632338
1447,-7.043316341357278
1448,-4.307520981729622
1449,-9.705199919556499
1450,-5.309739985073647
1451,-7.48854015264323
1452,-5.430924349766213
1453,-10.992054446462834
1454,-9.253566507267383
