alternative,utility
person_id,1180752.0
0,-1005.9644399524323
1,-6.278192666600036
2,-5.0346297332177645
3,-5.586425429890429
4,-3.9889476157461767
5,-2.0235861539290347
6,-1.2913695894828994
7,-0.6808916843356787
8,-0.41700942524513085
9,-1.1515867769792463
10,-0.964452282307307
11,-2.7386132864130603
12,-6.269452729754436
13,-4.012180882003017
14,-3.9212974585591307
15,-1.5514923147947446
16,-1.002700475455529
17,-2.4923634353323596
18,-3.7408434144777885
19,-1.4448038395180438
20,-2.2485521337422263
21,-2.9288368085722594
22,-2.6164532195578936
23,-2.871965983009022
24,-0.9744539225242947
25,-1.7342465033713719
26,-1.2683585633022014
27,-1.636183923445592
28,-1.958767188641394
29,-0.7828102991635184
30,-2.1904060537974255
31,-1.5638587740095211
32,-1.1422758930301633
33,-1.852116325065662
34,-1.0400689168925377
35,-0.43965485613275845
36,-1.4864310519171307
37,-1.4894389574507976
38,-1.6099795573666436
39,-1.9941639242802234
40,-2.020044595293319
41,-1.0083971110285166
42,-1.336026840416329
43,-2.095366589880629
44,-1.7216617606103881
45,-1.7781097566567023
46,-2.553860284672284
47,-1.4499787968472617
48,-1.4422481216894436
49,-1.1575437546227478
50,-1.5475795032822601
51,-1.243676883997174
52,-1006.171899875626
53,-0.6823840632688167
54,-1.5954529781168407
55,-6.534412653059947
56,-0.9069905908498326
57,-0.8322174542473375
58,-0.5005882070365333
59,-1.0844376818066124
60,-1.170992359918217
61,-0.3357952684197496
62,-0.6556085465640313
63,-0.640834630172205
64,-0.7224329260795725
65,-1.5551257872091346
66,-1.2913894143387932
67,-1.377426910687225
68,-1.407644505097858
69,-0.825724022499835
70,-0.8649770571554418
71,-2.2708188026278906
72,-1.6499972370390976
73,-2.2173127187623702
74,-5.086609782452095
75,-2.6362307347171354
76,-1.2095094703319926
77,-0.9924464341799686
78,-2.515331284276879
79,-1.5200255311753352
80,-0.8838634336366811
81,-2.8260133567733634
82,-1.9388453705700464
83,-2.06788463750056
84,-1.6641138165650249
85,-0.7935239873420352
86,-1.1624857289948416
87,-1.4466376457004086
88,-0.912539735335157
89,-1.456547680628903
90,-0.9999949423593399
91,-1.4501774290110703
92,-1.6995699142048197
93,-2.5180688408164613
94,-1.718932287044014
95,-1.7469247636249001
96,-1.443373257583266
97,-1.2952615492373667
98,-1.3239989007346509
99,-0.8201816970911988
100,-0.6281004184222301
101,-1.3498748015584283
102,-1.6370222421339395
103,-2.0144038611481756
104,-0.6182146237544197
105,-0.8221998258698591
106,-2.2933210250768665
107,-2.9092260462528285
108,-1.150629350893821
109,-2.859485134867332
110,-3.3003702641014683
111,-1.728053889311222
112,-0.6908079790480217
113,-2.0057619188745672
114,-1.7532321078197564
115,-0.8834650151957959
116,-0.6452809603529275
117,-0.7559115952283992
118,-1.4867436087609374
119,-1.0899903337370302
120,-1.1497236633599899
121,-0.7825152027764011
122,-1.1074650466756308
123,-0.5012580911361937
124,-1.0250655301935696
125,-0.5167184923746415
126,-1.0611375760602169
127,-1.0561346177040294
128,-1.5762859206120785
129,-1.1540467160018837
130,-0.5114977329303327
131,-1.012951735197701
132,-0.5328458928102826
133,0.007047168018103456
134,-0.25124941560138225
135,-1.0099033356150544
136,-0.4163474302287531
137,0.15987854223536502
138,-0.46200602603441254
139,-0.562376906192239
140,-0.9721408759191785
141,-5.721205444190478
142,-1.9507446464811693
143,-0.4516977679093186
144,0.048252797761289656
145,-4.870234803690839
146,-0.33377245246972365
147,-0.7171504327594773
148,-0.8867593551259088
149,-1.0841717293278554
150,-1.3504173435053382
151,-1.1039342101732785
152,-0.8290516023895993
153,-0.7488332125889006
154,-0.8861914577771444
155,-0.9248583999391276
156,-0.2790302125958881
157,-2.632851649112091
158,-0.6553609812364325
159,-0.6025097526715593
160,-0.6138152643420076
161,-0.942217833414519
162,-0.6106092907532119
163,-0.19637365618906966
164,-0.32385731033884824
165,-0.058407569104400814
166,-0.3958948236333786
167,-0.07667109691376606
168,-0.17686820135568837
169,-0.5017236890701327
170,-1.1827327945099535
171,-0.38553976925622724
172,-0.9662313596661107
173,-0.8303927735558476
174,-2.360635541312468
175,-1.2864031965393998
176,-0.3134026058820494
177,-0.590979476269859
178,-0.3776053625560625
179,-0.9288497508164664
180,-0.6644965042612929
181,-0.6061437103302154
182,-0.4072254951265526
183,-0.053374756585720995
184,-0.2174756498451682
185,-0.23532340840259902
186,-0.6713893695872075
187,-2.2633472328540325
188,-0.7348908019651477
189,-2.5437896955290134
190,-0.794581607983126
191,-0.23622764106791916
192,-0.3540304380028614
193,-0.29473998626303555
194,-0.4129222286755745
195,-0.18997411384532104
196,-0.6128110727386655
197,-0.24573489885319066
198,-1.3119075101290152
199,-0.9001690867836842
200,0.12762068098554025
201,0.14109651279535917
202,-0.517786591819978
203,-0.19362986124526138
204,0.01837887437222019
205,-0.405618322431188
206,-0.43017515949865626
207,-0.6084954210472677
208,0.23022160451869222
209,-0.31232086172695883
210,0.4870004934574155
211,-0.31897694632702756
212,0.22042236570366036
213,0.1399472769444401
214,0.08641803816096782
215,-0.932895077097128
216,-0.3923534354373759
217,-0.6553005700492811
218,-0.15883608174940456
219,-0.14929202599247926
220,-0.6476211704687724
221,-0.7753809403064249
222,-0.5697368991875011
223,-0.7345208973549902
224,-0.7116558927957248
225,-0.2473137539224428
226,-0.6182073041790597
227,-4.79067529793212
228,0.04780520674793465
229,0.33264406956774994
230,-0.22309050050428425
231,-0.18189743218029353
232,0.007873357410359993
233,-1.6224225507040275
234,-0.6682702217314223
235,-0.1421693170269922
236,0.49071712294316683
237,0.08020253794750598
238,-1005.8379399521864
239,-0.07173171248022214
240,-0.4031095370916118
241,-0.7621375754790716
242,-0.5874517343706867
243,0.13714408679136803
244,-0.4344521720746348
245,0.5365477705773793
246,0.26540535821907785
247,-0.5196957852202324
248,0.28522741461988943
249,0.2531151106203726
250,-0.46552200981455716
251,0.527916175372118
252,-0.22320547553300685
253,0.6924702117968122
254,0.2236477810960622
255,-0.11312882054915008
256,-0.5622677893246735
257,0.03713817080790349
258,-0.13591488262042706
259,0.8177491793930844
260,-0.055576322359918606
261,0.016219910800286286
262,-0.20276428233930055
263,-0.15596189379909386
264,-0.7190328848842418
265,0.306890811235184
266,-0.15791159406610866
267,0.1072242159511907
268,0.09896074393943
269,-0.40572296936632224
270,-0.2070584466166503
271,-0.3106310149581075
272,-0.19265893023610925
273,0.13594586273723586
274,0.2190364849121833
275,-0.46345408123067955
276,0.41602377266919266
277,0.0949039432438159
278,-0.1868656614693247
279,-0.06469024686576219
280,-0.048514899998161276
281,-0.5898365366064686
282,-0.021809142864196218
283,-0.1530538938370789
284,-0.13764558767370794
285,0.49231408235315843
286,-0.37481535064686167
287,0.4210309101523517
288,0.5816265126776043
289,-0.5957931247881749
290,-0.4994666350886581
291,-0.44675711659156025
292,-0.17854362928866951
293,-0.2665919911252521
294,-0.5111615964753389
295,0.1028611379373876
296,-0.6180531727176595
297,0.7628718101783472
298,0.08139535970600953
299,0.08833173710429332
300,0.7065091319204111
301,0.4255451258047813
302,0.5512637974986996
303,0.4139928982897816
304,-0.6691804267420238
305,-0.14026571310230285
306,0.49678269827521504
307,0.6550866064710528
308,0.7242717196767998
309,-0.25751529777605153
310,-0.017597340731005495
311,0.8872633546293205
312,-0.39601179586796675
313,0.8725935214600229
314,-0.15217534319508896
315,-0.04284983721174118
316,0.6097639603523373
317,0.12166709310865276
318,0.04580933923114383
319,0.5536929162194211
320,0.08611911125907312
321,0.5397494900343647
322,0.5965956018680654
323,0.48782705960274075
324,1.0899612474423197
325,0.2892298015845336
326,0.9291525444277271
327,0.4161135093525825
328,0.9615867533516926
329,1.1860703060013797
330,1.126536977620134
331,1.0150373690030676
332,1.7772060414725948
333,1.517185121384892
334,1.2462775039538956
335,0.7628000052638662
336,-0.4630102528214586
337,0.17259571137121732
338,0.22390082146999024
339,0.1912565257850467
340,0.04593676049300299
341,0.35233253624325833
342,-0.06849494054884886
343,0.4819620285289892
344,0.610793544965035
345,0.006878148631664693
346,1.029667827688166
347,-1005.2817998563484
348,-1.1045882407469358
349,-0.258121353674186
350,0.4316926183264389
351,-1.9101265440586044
352,-0.44158759266595116
353,-1.9575333936900963
354,-0.5805787249670402
355,0.45929062910089424
356,0.8717503313135486
357,0.9604162957155742
358,0.5141318750454777
359,0.7265025918464962
360,1.095948337496365
361,0.784231169007902
362,0.114199401640394
363,-0.08655583232203146
364,-0.062466634239291885
365,0.5918500751683959
366,0.9665247033764235
367,0.48129802015396184
368,0.6398653200941844
369,0.5058543599085867
370,0.44136913039421444
371,0.666844195141227
372,0.1955810073470987
373,-0.21397564768965793
374,-0.17110049844290653
375,0.23483912044478217
376,0.19456341658095422
377,-0.6077480649522213
378,0.6656318832309287
379,0.22069436739899295
380,1.0070045093523383
381,0.16428137077882976
382,0.11440813595382515
383,0.8163502430999756
384,0.12222841349742275
385,0.14084107041209126
386,0.5222804782669943
387,1.0404100252497708
388,0.8153831451340174
389,-0.05172669504234406
390,0.7527475882468053
391,0.26447816667995117
392,0.44019280117311066
393,0.5470725213217023
394,0.21071787343958803
395,-5.269412694470274
396,-0.3612189855233705
397,-0.2654487951895872
398,-1004.9896998821021
399,0.372100081067793
400,-1.2224389864016514
401,-0.6535281787097409
402,-3.9174204477450583
403,0.9884921622592238
404,-2.9095760017323498
405,-3.130954931355478
406,-1004.1181589600358
407,-4.127189614935444
408,-1004.1161279135914
409,0.6817546340608605
410,-1003.8886559414807
411,2.4983463587542243
412,2.015340422197446
413,1.1688915353536329
414,0.8695942908085161
415,1.9560648084853858
416,-1004.3781269004921
417,-0.29336575843611445
418,0.768266193867924
419,0.4921634855262047
420,1.0196417802419946
421,0.7165798975201216
422,0.9796259391393578
423,1.405191042738097
424,0.7254482416906605
425,-0.3549102789327634
426,-2.342901981671376
427,-1.1676007041572065
428,-1004.7315208467879
429,-1004.668559956541
430,-5.052590603956391
431,-0.9620565594663582
432,1.0828221415781272
433,-2.3016230680700036
434,0.3707640631447422
435,0.5699149898164757
436,1.225590426535212
437,0.784517899818538
438,0.3945249289701618
439,0.8462911664019002
440,0.5774325582306865
441,0.5088961305780231
442,0.8370866900632672
443,1.0656860866434261
444,1.263098525015959
445,1.0142184202111615
446,0.3106790898806455
447,0.7630350702644284
448,0.7093173304229765
449,0.5134989262783183
450,0.8665375123149319
451,0.3262885950577479
452,1.246180009542348
453,0.5636363059814897
454,0.05046739651380161
455,1.260930785794021
456,0.8379702115563035
457,0.8495306005762124
458,1.2609963298974698
459,0.38528414493735497
460,0.7170992848345472
461,0.8774301886152633
462,0.2083633815125614
463,0.363669332829903
464,1.0655282777614392
465,0.39686267060311575
466,0.5009655162661097
467,0.8491761361447105
468,1.338076720347507
469,0.9149931122500954
470,0.6766441829997989
471,0.8712865542484431
472,1.3407513889441036
473,0.5435235021238558
474,0.6092548420080508
475,0.9979052767998349
476,0.8017548882114163
477,1.0997698366193003
478,1.4529274880499825
479,0.4802210474565669
480,0.8680357281932585
481,0.8156967448758783
482,1.1493886775446809
483,1.3077949624159668
484,1.3349958703906877
485,1.1871799677786372
486,1.035556842075887
487,1.2017824829869577
488,0.9326416269410656
489,0.7223151466275386
490,0.5699373863044173
491,1.0284365566342775
492,0.9403871242083914
493,0.8471600077466102
494,0.7367600167770192
495,-0.20026093057127348
496,0.944018325023297
497,0.5228858200374837
498,0.98306805366013
499,0.49144872523739735
500,0.6119694761366476
501,0.38604509282927424
502,0.6336050100166863
503,0.019160716747162354
504,0.6809934095454286
505,0.3779206296610793
506,0.5154546707190262
507,0.04551815572580953
508,-0.23043701433804298
509,0.13026455582195773
510,0.5917404996037154
511,-0.08240210687626348
512,-0.13624463534893572
513,0.9560172278480934
514,1.0548276640274468
515,0.45648076188701925
516,0.5142689000319995
517,0.9110094175383816
518,0.8246765097408719
519,0.43623308920213866
520,0.4682119893565506
521,0.8277298487836147
522,1.2195392022157154
523,0.8288691069566712
524,0.6050015602093524
525,0.9879442545086636
526,1.132926704381239
527,0.9431897717985533
528,-0.17767930007612875
529,0.6243580485081894
530,-0.06895463784727873
531,0.56322847197477
532,1.1374045055578463
533,0.3745999599372052
534,0.6011443028932835
535,0.9498738973035596
536,0.42001118750611965
537,-0.6202336196882916
538,-2.4501524936687695
539,0.4737513781455007
540,0.7384607238303476
541,0.06970127051787056
542,0.23707975477146803
543,0.7269681983705745
544,-0.2801112597920712
545,0.5115557217174382
546,1.7181525680734362
547,1.6582258565306134
548,0.6100644605022847
549,0.9890186654979063
550,1.3257440155061957
551,0.8480425856143752
552,0.7952925352762508
553,0.06190005926118758
554,0.7991890522299414
555,-0.5249405766364825
556,-0.38257640063303544
557,-0.034541439581039945
558,0.8356746148324001
559,1.18835183542428
560,0.4673386794869252
561,1.047444202281107
562,1.5324185862056972
563,1.2715463597101548
564,0.34476797116833424
565,0.5519182197906405
566,1.428661227283973
567,1.149547888130269
568,0.6288295222086617
569,0.9681331483608746
570,0.5597801230044119
571,0.7379831915080235
572,0.6178794614529775
573,0.5974393369031166
574,0.6065435408510798
575,0.8197359450344175
576,0.9049340515694455
577,1.6305612170462034
578,0.12272716316124388
579,1.1089856112940728
580,1.0926652524173628
581,1.233981564669313
582,1.086364608288366
583,0.8697916694062995
584,0.9722643428227036
585,1.2925838476178084
586,0.15228301623675566
587,1.3821591791194532
588,1.4202819083464977
589,0.9610073987314944
590,1.872628494175065
591,1.2428558122948052
592,0.8358131868448151
593,1.2901355769613119
594,1.7856752186420035
595,0.48646984070574284
596,1.6963186101432761
597,1.835950550172016
598,1.7379175311839212
599,1.2689747918561887
600,1.8402659452570242
601,0.7380077390016853
602,-1.9281244082184075
603,1.4379509420223275
604,2.480838440145905
605,2.079043821103819
606,2.2786563522773537
607,0.9313348011569733
608,2.635753571345684
609,1.269908950158909
610,2.698390292554775
611,2.8024002775466466
612,2.4539609290276188
613,2.6610087971426664
614,2.150354841959043
615,2.6245405449366555
616,2.4020267300947493
617,1.3603682977671658
618,2.096397008287548
619,1.8967239570690673
620,1.9863986614782005
621,1.9883350645074813
622,2.0322496271514296
623,1.0413563656172231
624,1.6575483553376094
625,1.723303669793192
626,1.7867810990609385
627,1.4952210128194086
628,1.1298015692511347
629,1.8808881939120443
630,1.4168790959955695
631,1.253663835326246
632,1.966099771994302
633,1.2130471293648348
634,0.9876489671875772
635,1.0710930331737973
636,0.8393025610307374
637,1.188066092053977
638,1.313292740277035
639,0.6957010544368885
640,0.9747930772711095
641,0.560860480345112
642,0.7305816271343417
643,0.7895193617237357
644,0.8101945039240679
645,0.493018489704931
646,0.8720790374777891
647,1.2929713599009132
648,0.8998170030668469
649,1.3501790091481753
650,1.2578803140260257
651,0.940969861401947
652,1.9062071338855766
653,0.8645777217944994
654,1.7896850519965986
655,1.224490693002581
656,1.1081687790047834
657,0.37053568171120066
658,0.10910367445063684
659,0.2095606363528928
660,0.8640894841280948
661,0.29336913926197195
662,0.010884921205464693
663,0.9181313721733675
664,0.9394183074667488
665,0.6773243482919735
666,0.6996214923095012
667,0.7380887462928092
668,1.511793240660591
669,1.2608525819093543
670,0.8696817303705355
671,0.4073458457171295
672,0.2282924750200266
673,0.6992297367349902
674,0.6252161754182453
675,1.083789619142018
676,0.46503258451757645
677,0.14448153523252216
678,0.5044137824278971
679,0.8246984689761057
680,0.23012979909132802
681,0.7158239966685489
682,0.4920035511570209
683,1.007406381443186
684,0.5786580040557725
685,0.6444921713656173
686,0.09970262440176736
687,1.2048831476549404
688,0.737214506970326
689,0.8796939651611941
690,0.20350156741186698
691,0.174192054857083
692,0.6240507537671132
693,0.6899537830341078
694,1.2290212729471337
695,0.44848273327655264
696,-0.7099065481564564
697,0.618724087129694
698,-0.08570848557563071
699,1.018433058333578
700,0.36567657170721457
701,0.9307704602427656
702,-0.38337980325280174
703,-0.38568614911169785
704,0.4886033605208686
705,-0.7927839581977487
706,0.46616938157035026
707,0.22709414694035157
708,0.2009401297312321
709,0.35887726704712186
710,0.1102241345276358
711,-0.41051349845161855
712,-0.22772194135918777
713,-1.1287522894064441
714,1.5770951110534757
715,0.702294495649844
716,0.8732021182979377
717,1.4538172595659864
718,1.0894969738272477
719,0.3855380053927737
720,1.0701282953179874
721,1.4852816215427156
722,1.0537796258869756
723,1.1242966209758718
724,1.4962047130197655
725,2.0678107191302413
726,0.7074942075885078
727,1.3933052943339446
728,1.8534585378020827
729,1.4912445251935633
730,0.3296293432923063
731,0.8728761595358732
732,1.0193086484457492
733,1.3279282563930916
734,1.3415757185204518
735,2.0806974210812257
736,1.3272390593868053
737,1.7575076710928998
738,1.5269142198773844
739,1.4399975515802694
740,1.3951432997296394
741,2.070942779987603
742,2.2802555454773072
743,1.6413977521945213
744,1.4074542709431217
745,2.590177848054145
746,3.391472473076213
747,3.1665226829811024
748,4.198610563601733
749,2.109379924337315
750,-0.6445323995723968
751,1.807439100763946
752,4.872312441538825
753,4.746866172562806
754,6.484518726872972
755,5.159612895502814
756,3.3656656910488163
757,3.879013417885628
758,3.4811276567842357
759,3.8247627782195073
760,4.487689655637507
761,3.3662160423685243
762,4.113822613825479
763,3.5909858670325026
764,2.5266225560686193
765,2.1330549017067204
766,3.147590987199427
767,2.69927710697427
768,2.953269019971553
769,2.456531668356197
770,2.5368513478031325
771,2.345938540456051
772,2.7374350521429918
773,3.147082220640544
774,3.52175530132717
775,3.220136659965287
776,3.1463147507357565
777,3.987833415854513
778,4.665308053403532
779,4.055717752324625
780,2.701830826471485
781,3.223186649354486
782,2.2144515510665164
783,2.6230912809215647
784,3.0718951929893556
785,2.139504753612676
786,2.5186930674747394
787,2.3969521230719577
788,1.9217293305615204
789,2.289628994805465
790,1.493226197223903
791,1.0883792177912728
792,1.8292159727360575
793,1.451594581804117
794,1.430495404035832
795,2.017644124393759
796,2.4309009747080683
797,1.6390838942333312
798,2.2155269496777183
799,2.2146082342017586
800,3.2272536176421305
801,2.6835194801248115
802,1.308375062983071
803,1.7761661908802875
804,2.374512638270102
805,2.0678013636839037
806,1.2145824180153317
807,1.2435087967954201
808,1.0494148523143432
809,1.575790182615206
810,1.3265485223615139
811,0.20895172082677504
812,1.0344689046879658
813,0.9060702221279007
814,1.5312955719245256
815,1.0351042774934065
816,2.4777113739056933
817,1.5195780426364447
818,0.8028563700770155
819,2.45646513671615
820,0.6890139040856615
821,0.382642607134251
822,1.3643930043155281
823,1.1333060611841397
824,1.8460108796146146
825,1.1111016195078838
826,0.7198469149508631
827,1.4521706138097406
828,0.8537927580866569
829,1.5171997732820728
830,0.7002287188725171
831,0.911784007577987
832,0.7994580571277483
833,0.896094831717491
834,0.9697097863940041
835,0.8725335261713925
836,1.828291382711889
837,0.6403644564593707
838,0.7865560701443597
839,0.678891986256513
840,0.8691475378618616
841,0.43411434043879193
842,0.46577048981448765
843,1.4681774284603897
844,1.1994677615843594
845,0.9562264165264249
846,0.3352343570930518
847,0.8522935454344216
848,0.7140807799353057
849,0.5372761326220932
850,-0.35517289119607565
851,0.8078938641216311
852,1.0355833631460118
853,1.347470670864202
854,1.12979606399343
855,1.4973471683566704
856,0.49664827560691727
857,0.8012111873714103
858,0.5464728469824811
859,0.2752323913414667
860,0.8491658951934253
861,1.150926420326872
862,0.5938791751295733
863,1.059229279125355
864,0.5056580228396594
865,0.05245822046916171
866,-0.004094957971286561
867,0.3121697966132091
868,0.0806701715743694
869,0.4892740775906468
870,0.8859682124683301
871,1.3562377087302568
872,0.9316577059976288
873,-1005.3254998915285
874,0.6723443650516598
875,0.025016413393153414
876,0.46654242118198663
877,0.8011741065748561
878,0.35877539183082696
879,0.684914933608102
880,0.2778246846758625
881,0.250050850645156
882,-0.1335470713505318
883,-0.24170665680685843
884,0.11600126746212247
885,0.38631820192116795
886,0.10248734758105638
887,0.9722569259724656
888,0.63160735914078
889,1.0528138307756834
890,1.056973627767138
891,0.86524184167396
892,0.5436175202403275
893,0.39191281860590177
894,1.0833044707513597
895,0.3777549275903418
896,0.5807753020349082
897,0.5338562080102447
898,1.0578691482740954
899,0.9054718280031162
900,0.012149581648963625
901,-0.8278270091403108
902,0.008527790181617867
903,0.7171086769534849
904,1.1063923655182784
905,0.5888225582664637
906,-0.1196681652013698
907,0.06100975050126767
908,0.0035771166092182227
909,0.1266579986010541
910,-0.6510163513760379
911,-0.09047138118562881
912,0.28284017589051214
913,0.06815858340033731
914,-0.5303349835607527
915,-0.04476296866588836
916,0.4932465938481858
917,0.6669151703503262
918,-0.6878840786298595
919,-0.7066763971079997
920,-0.5262204675474349
921,-0.2321706134865007
922,0.8293727182793447
923,0.7424508022515308
924,1.0345407368986494
925,0.15007999177945486
926,0.6760886671408919
927,0.5297093626971723
928,0.5730141482456554
929,-0.3652549812367658
930,-0.0648287678124504
931,0.40989145546113015
932,1.1114217504031743
933,0.5989415619947405
934,-0.1158080656684719
935,-0.48975362448946225
936,-0.5398235866599901
937,0.2295495073945233
938,-0.8821732213972862
939,-1.0317703611525193
940,-0.6066405343476005
941,-1.256215018106106
942,-0.3527149501234419
943,-0.911612928909455
944,-1.0737280272531775
945,-0.675155422229814
946,-0.1807012719828931
947,0.1573807651101058
948,0.028770532834140106
949,0.3343953859611295
950,0.5595642848917048
951,0.7228323158089909
952,0.46463259592171724
953,0.05376506765931932
954,-0.2878557426553634
955,-0.13322089343452426
956,-0.23966914504177161
957,-0.6191887197456838
958,0.05241539825441954
959,0.16574361498122414
960,-0.11857050838047467
961,0.39985407164488596
962,-0.2144002603111108
963,-1.3059425009556067
964,-3.2472225315510976
965,-4.96354194097066
966,-3.9031025202200773
967,-1.3266937355870283
968,-1.7310783193433954
969,-1.0921280974793701
970,-3.710786547896954
971,-0.26806091275059973
972,-1.3317203194693548
973,-1.0414354023580117
974,-1.3007139341044107
975,-0.8451363201676418
976,-0.5937545535346862
977,-0.027330287925960484
978,-1.2851950672957333
979,-1.6425061822793827
980,-2.8735204203273894
981,-0.5653926754982299
982,-0.4162491525240313
983,-2.230513246883941
984,-0.4881123022734739
985,-0.8929128290698563
986,-0.5989727422444053
987,-1.2269648928820498
988,-0.4880896890538251
989,-1.061058285655391
990,-0.20134278400387728
991,-0.873184926807272
992,-0.7157656774868935
993,-1.080062365019839
994,-0.25350864257039163
995,-0.26800279984300257
996,-1.560335877727388
997,-0.46730918069944494
998,-1.3097736104999376
999,-0.7574568970902282
1000,-0.9134283080838692
1001,-1.224909215069899
1002,-1.4839628714850237
1003,-0.49352916671232094
1004,-1.0091452228205906
1005,-0.5486018492247426
1006,-0.2096275468882567
1007,-0.3520035384422364
1008,-0.26907461605677785
1009,-1.1228037511541578
1010,-1.0125064233172383
1011,-0.295293327903142
1012,-0.6160871494978837
1013,-1.383984790995651
1014,-0.7873522727181053
1015,-0.5915619995309678
1016,-0.5787525811675316
1017,-0.0012300904282600555
1018,-2.768574241985221
1019,-0.6733345326322313
1020,-0.9667883011685383
1021,-0.7753435379844529
1022,-1.0107388369544026
1023,-1.215890034870311
1024,-0.7359342094580228
1025,-0.9665648708364243
1026,-0.8018964773567694
1027,-0.9974668116821217
1028,-0.5408435576273645
1029,-1.1391059954562035
1030,-0.5588129531880588
1031,-1.1833809838048186
1032,-0.3595196663246796
1033,-0.30748681294427893
1034,-0.4647192360207759
1035,-0.368935292014549
1036,-0.7257867267760991
1037,-0.28292464451161514
1038,-0.024942421202877263
1039,-1.6241444398626417
1040,-1.7558520586022723
1041,-1.5967064258945722
1042,-0.7552804057529343
1043,-1.2262287071297067
1044,-1.423538466884426
1045,-0.9887538631956465
1046,-1.0634718954318636
1047,-1.0190174585375926
1048,-0.47721984554944985
1049,0.2450714426954672
1050,-1.0010791963908687
1051,-2.089085410713875
1052,-0.8622577726223355
1053,-1.0532224637303784
1054,-0.20813982911140272
1055,-0.33088557854633915
1056,0.1691886112618981
1057,0.28965340048796584
1058,-0.29484773977963474
1059,0.28209563660298986
1060,0.23945852133291012
1061,-1.7533625149913634
1062,0.16094825377787902
1063,-0.013978316970751692
1064,0.2539910946895745
1065,0.11657133064684277
1066,0.45472856860337707
1067,0.0846464919543699
1068,0.17769627514911335
1069,-0.3169509998074611
1070,0.2760953381022322
1071,-0.021893439362114187
1072,-0.38920068222047544
1073,-0.18210341311933576
1074,-0.7267141938231587
1075,-0.7487593548576879
1076,-0.44547209330772297
1077,-0.5896149546908269
1078,0.1558965130553167
1079,-0.4318769293775482
1080,-0.4581595422000255
1081,-0.4652361154120923
1082,0.4865332826560529
1083,-0.5032798193999177
1084,-1.034649891402962
1085,-0.3460654111110948
1086,-0.16574105977814568
1087,-0.8672430193977858
1088,-0.4760857948716728
1089,-1.4207249349798046
1090,-0.8331983552549209
1091,-2.899484612472988
1092,-1.4562566926007365
1093,0.02903867675155425
1094,-0.3134902842796068
1095,0.27390070181992865
1096,-0.5291498255986689
1097,0.15999032482828568
1098,0.27546330079738546
1099,0.34295813072032466
1100,-0.4303373185648569
1101,-1.580120302404545
1102,0.2808264144905479
1103,-0.34137334061825886
1104,-1.3813917292437274
1105,0.009674808937489843
1106,-0.21046349062617864
1107,0.07172124416782388
1108,0.17996015952201194
1109,0.07300746577951855
1110,-0.17795690782689277
1111,0.0436789952567862
1112,-1.9467660625321663
1113,0.5298781868205067
1114,0.12631738131381098
1115,-0.43245500698566364
1116,-0.5585656141120703
1117,0.09792824452549809
1118,0.7904174097731245
1119,0.8394457891821006
1120,-0.10565773215394891
1121,0.043568694478463676
1122,-0.29583326332027315
1123,-0.0956431677484968
1124,-0.19994217912831935
1125,-0.17451612888512624
1126,-0.1762074412954071
1127,-0.013990626443088239
1128,0.040636591404137334
1129,-0.5261816318419958
1130,0.16216054499874222
1131,0.2812282674632467
1132,0.45459737976262193
1133,-0.034886458430730904
1134,-0.2142209733599767
1135,-0.3931575381093646
1136,-0.5872937738258477
1137,0.30591252285126114
1138,-0.019985742317943256
1139,-0.21910816390637589
1140,0.48161274217007843
1141,0.23989146063312283
1142,0.11782301904804271
1143,0.11469774076423
1144,-0.49327575860934303
1145,-0.9072469694456435
1146,0.410072521395211
1147,-3.45530406382847
1148,0.3511930054531671
1149,0.2562754333157926
1150,0.6124924307784525
1151,0.28202783337754767
1152,0.17847829532034787
1153,0.4369926859310098
1154,-0.7624383932410321
1155,-0.05120849974626829
1156,-0.37170965724193206
1157,0.5148662163797768
1158,-0.47901342716542583
1159,0.551981865631749
1160,1.2413599534209547
1161,-0.7646469516208745
1162,0.06533350095455681
1163,0.5097279976658182
1164,1.0425842253811943
1165,1.5735436950234218
1166,1.3499538105491808
1167,1.1528111973049944
1168,1.0314507308905467
1169,1.2254785908312487
1170,1.483906104250492
1171,1.173221606351535
1172,0.8354740409058765
1173,0.7157805640336639
1174,1.8460176844663607
1175,2.9655097311466765
1176,1.641588229564075
1177,2.322992395993719
1178,1.7467245274372942
1179,1.2645425380456121
1180,-0.9667435639678104
1181,0.7005835297511522
1182,-0.7479250287281936
1183,-0.2462655776242233
1184,1.2423912975370701
1185,1.2841427187192558
1186,0.2618052796590673
1187,0.3644776436312558
1188,0.009383173440790316
1189,-0.4962383787596636
1190,0.01147897964445388
1191,-0.41070061179022943
1192,-0.12412034248396608
1193,-0.5466017671552841
1194,1.1230382581104035
1195,-0.12902220994626123
1196,-0.7063373191012987
1197,-0.4650710562476954
1198,-0.11879385959801336
1199,0.13040803291724856
1200,-0.3716363500095925
1201,-0.6194831606288576
1202,-0.19703680546474622
1203,-1.1212138012462907
1204,-1.2457543191335843
1205,0.13889719043947935
1206,-0.14251292502653357
1207,0.11154122448350456
1208,0.07145636854983017
1209,0.14653142372132955
1210,-0.7413620416907918
1211,-1.0165416257760311
1212,-1.0631446196028786
1213,-0.8941335604461296
1214,-0.5651748380004822
1215,-0.9007157457632848
1216,-0.30988386235807663
1217,-0.7387755539119434
1218,-1.1705910808122217
1219,-0.5424535828769326
1220,-0.5872343436474425
1221,-1.8524663477403367
1222,-1.1670091575260404
1223,-1.74857357580089
1224,-1.5957677869105247
1225,-1.081561592996434
1226,-1.2924835661073173
1227,-1.8371204009358948
1228,-0.728356172075844
1229,-0.38427258431557654
1230,-1.0919553447774621
1231,-1.3260036278374656
1232,-1.6890747101085921
1233,-1.0853055210985856
1234,-1.5276370519545344
1235,-1.4208302512702922
1236,-1.4688432564892544
1237,-3.241032629523213
1238,-1.4100616583126921
1239,-0.6103864508723369
1240,-1.7826580847268874
1241,-0.9898933383321706
1242,-0.9200071920410577
1243,-0.6475109840109283
1244,-0.8386663806427057
1245,0.06941721319308414
1246,0.08157926222070788
1247,-0.5974399145539593
1248,-1.193433406443881
1249,-0.9369159368221425
1250,-0.6078409227466244
1251,-1.912042792509843
1252,-1.2221560562314675
1253,-0.9619860969388849
1254,-1.1738665817151182
1255,-1.2056617143889508
1256,-0.8994976024822208
1257,-1.29660938321324
1258,-1.0188057629873626
1259,-1.0322318263551553
1260,-1.0942098914768144
1261,-2.368445278105389
1262,-1.640019203209909
1263,-0.9552510969137487
1264,-1.310741769815528
1265,-1.0162059357251625
1266,-1.8431821568738442
1267,-0.5695481598517844
1268,-0.777395567960367
1269,-0.1275658616681561
1270,-0.22574333843821748
1271,-1007.4157399201578
1272,-1.655909649433334
1273,-1.1086620034080248
1274,-1.8716881540951489
1275,-1.7219141492303613
1276,-1.2106348844472894
1277,-1.879434198368629
1278,-1.960966380150568
1279,-1.09806458439561
1280,-1.3522773577485454
1281,-0.3557529498571128
1282,-1.7150560834165045
1283,-1.362943726497286
1284,-1.6592596953039411
1285,-1.8535294897021917
1286,-2.24793539615756
1287,-0.7952178127715239
1288,-1.446812726249588
1289,-1.0509984430092985
1290,0.07193920543241727
1291,0.025593047582347594
1292,-1.3577098227480642
1293,-1007.1714798565116
1294,-0.6881893072054392
1295,-1.9783304595703042
1296,-0.8830326536419122
1297,-2.2908378975735912
1298,-2.3489567711091155
1299,-2.192396738294897
1300,-1.80766279063549
1301,-0.9016799285641968
1302,-2.0375622783586813
1303,-0.9232461012887416
1304,-1.2146824833936298
1305,-0.9864381570715324
1306,-1.1422450157060098
1307,-1.9153932429324332
1308,-1.935876797170418
1309,-3.7445850348911245
1310,-1.5240370847540534
1311,-4.102622001259649
1312,-2.8103595445078717
1313,-2.1504027272492374
1314,-3.2287069752912716
1315,-4.325785347133202
1316,-2.662168413373842
1317,-2.46225921647755
1318,-1.105120915168409
1319,-2.4048216296503755
1320,-1.4310515836190794
1321,-2.8667022962153075
1322,-1.5488465429082252
1323,-2.916892877573904
1324,-1.040361127046979
1325,-1.7867264105615552
1326,-1.7447233975308531
1327,-2.175786611269845
1328,-2.885233711371953
1329,-2.4146033214988485
1330,-1.5904674719645335
1331,-2.2424384175362464
1332,-1.8743912106768787
1333,-1.871666476038837
1334,-1.5258379664402106
1335,-0.7529550043012501
1336,-1.9604936012013727
1337,-2.4798110228760546
1338,-2.244369180732031
1339,-1.9468854280561407
1340,-2.2162953321743197
1341,-2.4351958977854986
1342,-2.279731892247831
1343,-2.576055069574834
1344,-3.0627181938736454
1345,-2.5648072446134886
1346,-2.3129951816473726
1347,-1.7751270783776834
1348,-1.8318970026900043
1349,-2.6560276531213356
1350,-3.043839361577855
1351,-3.1087351932596254
1352,-3.2701351444793136
1353,-2.0693741076415852
1354,-3.0291939473736145
1355,-2.5537767025852514
1356,-2.7535788359954907
1357,-2.3835784668042717
1358,-2.617601765336537
1359,-2.8581797729676817
1360,-3.9567416059219953
1361,-3.2013707625668797
1362,-3.6502601952114233
1363,-2.8989304510381357
1364,-2.7884297779773073
1365,-2.1235796153368076
1366,-2.9084118402809516
1367,-2.8550680073494688
1368,-2.3849242000279016
1369,-2.2916848231160376
1370,-2.519011907960767
1371,-2.307252587431151
1372,-2.3564146454912054
1373,-2.1538667789432218
1374,-2.3097878336922415
1375,-2.2429437703067645
1376,-2.40121137427582
1377,-1.6648647270878971
1378,-2.031301816537251
1379,-1.7546755800129183
1380,-1.5259684120643149
1381,-2.354660248552708
1382,-3.0364725782805557
1383,-2.5778620619987063
1384,-2.9398130905045807
1385,-2.94854161666908
1386,-2.888220712990365
1387,-3.738649233748175
1388,-3.380057988554178
1389,-3.8824018725653255
1390,-3.6036049430310193
1391,-3.6360197471103675
1392,-3.8229106670613744
1393,-2.0283254633961745
1394,-2.0582147324866717
1395,-2.012891385137671
1396,-3.2956161145647
1397,-3.4169816933707358
1398,-3.2168095054980714
1399,-4.057617497008106
1400,-3.8749984339751222
1401,-3.2800113754841878
1402,-4.8382830060577495
1403,-2.071295315339454
1404,-1.868001712835512
1405,-2.5023292386098595
1406,-0.5233618276374239
1407,-1.167957337805432
1408,-0.854768162879405
1409,-1.3311313219256702
1410,-1.129723915558153
1411,-0.4306474990162821
1412,-2.0915609110444615
1413,-0.8152774839723413
1414,-2.365037088147175
1415,-3.3092629430928913
1416,-3.5184992412409297
1417,-1.4478193984541337
1418,-1.5573897719475474
1419,-0.516733031234728
1420,-0.49776725030998925
1421,-0.9448353468129707
1422,-0.70106373492046
1423,-1.5735337125713462
1424,-0.9953020002636093
1425,-0.9802197987274317
1426,-1.1158763770635716
1427,0.046518696808855786
1428,-0.9581192370580132
1429,-1.0118097647735471
1430,-0.5432912202106213
1431,-0.868752327166753
1432,-1.1672064094962895
1433,-0.904630143621393
1434,-1.1582297937607926
1435,-0.820239805196338
1436,-0.668522662724615
1437,-0.5143060890726865
1438,-1006.5090799605098
1439,-0.4210788350047858
1440,-0.5827155873836727
1441,-0.5085947261282433
1442,-1.0656394572186132
1443,-1.117262171139764
1444,-0.5975665270212032
1445,-0.8331855942210629
1446,-1.862664030273506
1447,-1.1956718455353563
1448,-1.6635666516315721
1449,-0.359575103235545
1450,-0.8523005424581065
1451,-0.7670491563922583
1452,-3.3708711342449282
1453,-3.133644204532528
