label,value_1,value_2,value_3,value_4,value_5,value_6,value_7,value_8,value_9,value_10,value_11,value_12,value_13,value_14,value_15,value_16,value_17,value_18,value_19,value_20,value_21,value_22,value_23,value_24,value_25,value_26,value_27,value_28,value_29,value_30,value_31,value_32,value_33,value_34,value_35,value_36,value_37,value_38,value_39,value_40,value_41,value_42,value_43,value_44,value_45,value_46,value_47,value_48,value_49,value_50,value_51,value_52,value_53,value_54,value_55
person_id,1180753,1180753,1180753,1180753,1180753,1180753,1180753,1180753,1180753,1180753,1180753,1180753,1180753,1180753,1180753,1180753,1180753,1180753,1180753,1180753,1180753,1180753,1180753,1180753,1180753,1180753,1180753,1180753,1180754,1180754,1180754,1180754,1180754,1180754,1180754,1180754,1180754,1180754,1180754,1180754,1180754,1180754,1180754,1180754,1180754,1180754,1180754,1180754,1180754,1180754,1180754,1180754,1180754,1180754,1180754
alt_dest,16,106,212,401,406,408,414,415,434,519,563,567,605,641,682,697,746,751,761,774,777,798,810,824,853,873,891,973,284,287,349,376,401,408,414,428,548,558,587,604,606,723,736,751,760,767,773,776,797,853,887,945,1014,1121,1161
prob,0.0025004700291901827,0.004488656297326088,0.0042959703132510185,0.009208916686475277,0.006175283808261156,0.007247820496559143,0.005628778599202633,0.010418955236673355,0.001990140648558736,0.0024523171596229076,0.005643125623464584,0.0004916178877465427,0.010846941731870174,0.0001033973167068325,0.00024148459488060325,0.0005747937830165029,0.0013597126817330718,0.03390272706747055,0.0071990592405200005,0.0025685899890959263,0.012866729870438576,0.0009011548827402294,0.010128840804100037,0.0010847827652469277,0.001622164505533874,0.0030903504230082035,4.287217234377749e-05,0.0017771999118849635,0.0005704446230083704,0.000295590260066092,0.009096489287912846,0.0007835887954570353,0.009208916686475277,0.007247820496559143,0.005628778599202633,0.005660798866301775,0.00041701862937770784,0.009892188012599945,7.754705438856035e-05,0.0030834157951176167,0.0028082849457859993,0.0009184585651382804,0.006225759629160166,0.03390272706747055,0.00042504764860495925,0.007634828798472881,0.0031535665038973093,0.0017976259114220738,0.005871746223419905,0.001622164505533874,5.033584238844924e-05,0.005250025074928999,0.0018713494064286351,0.0015058649005368352,0.0015868924092501402
pick_count,1,1,1,1,1,1,1,1,1,1,1,1,1,1,1,1,1,2,1,1,1,1,2,1,1,1,1,1,1,1,1,1,1,1,1,1,1,1,1,1,1,1,1,3,1,1,1,1,1,1,1,1,2,1,1
hhsize,3,3,3,3,3,3,3,3,3,3,3,3,3,3,3,3,3,3,3,3,3,3,3,3,3,3,3,3,3,3,3,3,3,3,3,3,3,3,3,3,3,3,3,3,3,3,3,3,3,3,3,3,3,3,3
density_index,0.6296254323592501,0.6296254323592501,0.6296254323592501,0.6296254323592501,0.6296254323592501,0.6296254323592501,0.6296254323592501,0.6296254323592501,0.6296254323592501,0.6296254323592501,0.6296254323592501,0.6296254323592501,0.6296254323592501,0.6296254323592501,0.6296254323592501,0.6296254323592501,0.6296254323592501,0.6296254323592501,0.6296254323592501,0.6296254323592501,0.6296254323592501,0.6296254323592501,0.6296254323592501,0.6296254323592501,0.6296254323592501,0.6296254323592501,0.6296254323592501,0.6296254323592501,0.6296254323592501,0.6296254323592501,0.6296254323592501,0.6296254323592501,0.6296254323592501,0.6296254323592501,0.6296254323592501,0.6296254323592501,0.6296254323592501,0.6296254323592501,0.6296254323592501,0.6296254323592501,0.6296254323592501,0.6296254323592501,0.6296254323592501,0.6296254323592501,0.6296254323592501,0.6296254323592501,0.6296254323592501,0.6296254323592501,0.6296254323592501,0.6296254323592501,0.6296254323592501,0.6296254323592501,0.6296254323592501,0.6296254323592501,0.6296254323592501
age,38,38,38,38,38,38,38,38,38,38,38,38,38,38,38,38,38,38,38,38,38,38,38,38,38,38,38,38,38,38,38,38,38,38,38,38,38,38,38,38,38,38,38,38,38,38,38,38,38,38,38,38,38,38,38
age_16_p,True,True,True,True,True,True,True,True,True,True,True,True,True,True,True,True,True,True,True,True,True,True,True,True,True,True,True,True,True,True,True,True,True,True,True,True,True,True,True,True,True,True,True,True,True,True,True,True,True,True,True,True,True,True,True
age_16_to_19,False,False,False,False,False,False,False,False,False,False,False,False,False,False,False,False,False,False,False,False,False,False,False,False,False,False,False,False,False,False,False,False,False,False,False,False,False,False,False,False,False,False,False,False,False,False,False,False,False,False,False,False,False,False,False
auto_ownership,2.0,2.0,2.0,2.0,2.0,2.0,2.0,2.0,2.0,2.0,2.0,2.0,2.0,2.0,2.0,2.0,2.0,2.0,2.0,2.0,2.0,2.0,2.0,2.0,2.0,2.0,2.0,2.0,2.0,2.0,2.0,2.0,2.0,2.0,2.0,2.0,2.0,2.0,2.0,2.0,2.0,2.0,2.0,2.0,2.0,2.0,2.0,2.0,2.0,2.0,2.0,2.0,2.0,2.0,2.0
num_workers,2.0,2.0,2.0,2.0,2.0,2.0,2.0,2.0,2.0,2.0,2.0,2.0,2.0,2.0,2.0,2.0,2.0,2.0,2.0,2.0,2.0,2.0,2.0,2.0,2.0,2.0,2.0,2.0,2.0,2.0,2.0,2.0,2.0,2.0,2.0,2.0,2.0,2.0,2.0,2.0,2.0,2.0,2.0,2.0,2.0,2.0,2.0,2.0,2.0,2.0,2.0,2.0,2.0,2.0,2.0
value_of_time,50.0,50.0,50.0,50.0,50.0,50.0,50.0,50.0,50.0,50.0,50.0,50.0,50.0,50.0,50.0,50.0,50.0,50.0,50.0,50.0,50.0,50.0,50.0,50.0,50.0,50.0,50.0,50.0,50.0,50.0,50.0,50.0,50.0,50.0,50.0,50.0,50.0,50.0,50.0,50.0,50.0,50.0,50.0,50.0,50.0,50.0,50.0,50.0,50.0,50.0,50.0,50.0,50.0,50.0,50.0
TAZ,755,755,755,755,755,755,755,755,755,755,755,755,755,755,755,755,755,755,755,755,755,755,755,755,755,755,755,755,755,755,755,755,755,755,755,755,755,755,755,755,755,755,755,755,755,755,755,755,755,755,755,755,755,755,755
in_period,PM,PM,PM,PM,PM,PM,PM,PM,PM,PM,PM,PM,PM,PM,PM,PM,PM,PM,PM,PM,PM,PM,PM,PM,PM,PM,PM,PM,PM,PM,PM,PM,PM,PM,PM,PM,PM,PM,PM,PM,PM,PM,PM,PM,PM,PM,PM,PM,PM,PM,PM,PM,PM,PM,PM
out_period,AM,AM,AM,AM,AM,AM,AM,AM,AM,AM,AM,AM,AM,AM,AM,AM,AM,AM,AM,AM,AM,AM,AM,AM,AM,AM,AM,AM,AM,AM,AM,AM,AM,AM,AM,AM,AM,AM,AM,AM,AM,AM,AM,AM,AM,AM,AM,AM,AM,AM,AM,AM,AM,AM,AM
duration,9,9,9,9,9,9,9,9,9,9,9,9,9,9,9,9,9,9,9,9,9,9,9,9,9,9,9,9,9,9,9,9,9,9,9,9,9,9,9,9,9,9,9,9,9,9,9,9,9,9,9,9,9,9,9
number_of_participants,1,1,1,1,1,1,1,1,1,1,1,1,1,1,1,1,1,1,1,1,1,1,1,1,1,1,1,1,1,1,1,1,1,1,1,1,1,1,1,1,1,1,1,1,1,1,1,1,1,1,1,1,1,1,1
is_joint,False,False,False,False,False,False,False,False,False,False,False,False,False,False,False,False,False,False,False,False,False,False,False,False,False,False,False,False,False,False,False,False,False,False,False,False,False,False,False,False,False,False,False,False,False,False,False,False,False,False,False,False,False,False,False
_parent_tour_mode,,,,,,,,,,,,,,,,,,,,,,,,,,,,,,,,,,,,,,,,,,,,,,,,,,,,,,,
work_tour_is_drive,False,False,False,False,False,False,False,False,False,False,False,False,False,False,False,False,False,False,False,False,False,False,False,False,False,False,False,False,False,False,False,False,False,False,False,False,False,False,False,False,False,False,False,False,False,False,False,False,False,False,False,False,False,False,False
work_tour_is_bike,False,False,False,False,False,False,False,False,False,False,False,False,False,False,False,False,False,False,False,False,False,False,False,False,False,False,False,False,False,False,False,False,False,False,False,False,False,False,False,False,False,False,False,False,False,False,False,False,False,False,False,False,False,False,False
work_tour_is_SOV,False,False,False,False,False,False,False,False,False,False,False,False,False,False,False,False,False,False,False,False,False,False,False,False,False,False,False,False,False,False,False,False,False,False,False,False,False,False,False,False,False,False,False,False,False,False,False,False,False,False,False,False,False,False,False
is_mandatory,False,False,False,False,False,False,False,False,False,False,False,False,False,False,False,False,False,False,False,False,False,False,False,False,False,False,False,False,False,False,False,False,False,False,False,False,False,False,False,False,False,False,False,False,False,False,False,False,False,False,False,False,False,False,False
is_joint (2),False,False,False,False,False,False,False,False,False,False,False,False,False,False,False,False,False,False,False,False,False,False,False,False,False,False,False,False,False,False,False,False,False,False,False,False,False,False,False,False,False,False,False,False,False,False,False,False,False,False,False,False,False,False,False
is_indiv,True,True,True,True,True,True,True,True,True,True,True,True,True,True,True,True,True,True,True,True,True,True,True,True,True,True,True,True,True,True,True,True,True,True,True,True,True,True,True,True,True,True,True,True,True,True,True,True,True,True,True,True,True,True,True
is_atwork_subtour,False,False,False,False,False,False,False,False,False,False,False,False,False,False,False,False,False,False,False,False,False,False,False,False,False,False,False,False,False,False,False,False,False,False,False,False,False,False,False,False,False,False,False,False,False,False,False,False,False,False,False,False,False,False,False
is_escort,False,False,False,False,False,False,False,False,False,False,False,False,False,False,False,False,False,False,False,False,False,False,False,False,False,False,False,False,False,False,False,False,False,False,False,False,False,False,False,False,False,False,False,False,False,False,False,False,False,False,False,False,False,False,False
ivot,0.02,0.02,0.02,0.02,0.02,0.02,0.02,0.02,0.02,0.02,0.02,0.02,0.02,0.02,0.02,0.02,0.02,0.02,0.02,0.02,0.02,0.02,0.02,0.02,0.02,0.02,0.02,0.02,0.02,0.02,0.02,0.02,0.02,0.02,0.02,0.02,0.02,0.02,0.02,0.02,0.02,0.02,0.02,0.02,0.02,0.02,0.02,0.02,0.02,0.02,0.02,0.02,0.02,0.02,0.02
dest_topology,1,1,1,1,1,1,1,1,1,1,1,1,1,1,1,1,1,1,1,1,1,1,1,1,1,1,1,1,1,1,1,1,1,1,1,1,1,1,1,1,1,1,1,1,1,1,1,1,1,1,1,1,1,1,1
terminal_time,0,0,0,0,0,0,0,0,0,0,0,0,0,0,0,0,0,0,0,0,0,0,0,0,0,0,0,0,0,0,0,0,0,0,0,0,0,0,0,0,0,0,0,0,0,0,0,0,0,0,0,0,0,0,0
dest_density_index,15.344977026098308,25.411287294036857,0.4179171975378896,0.07192072248700113,0.024880666841647282,0.0066719788736875904,1.1672951965994358,0.5687161675985741,0.028477372673347493,3.0265915042856117,2.1055003901263487,2.0908199437469235,2.7235655693624543,0.7594293618045946,1.2643699491116507,0.005496208254685181,0.0014413430872605687,0.009499579431009462,3.1949671199946543,2.422086652371865,4.603812873892516,1.7593160718427814,0.23007168684544124,2.054736162597738,2.0970307809989466,1.0072516059447798,1.033492250587771,13.947214921019066,5.13653894689642,2.111086524579711,0.37219839678488864,2.561106448447404,0.07192072248700113,0.0066719788736875904,1.1672951965994358,1.4724094976900712,1.5906274557355373,3.029515326369484,1.3280453901239673,2.1497856374901434,1.8065256871762407,1.026509855720254,1.7023812982138515,0.009499579431009462,0.666404666647426,1.0450410987663303,2.6693986340743825,1.6982009419288044,1.5913403685964276,2.0970307809989466,0.39145447086612545,18.914815409608682,0.7908949973951511,4.275123292142687,0.279261579935361
_walk_transit_origin,True,True,True,True,True,True,True,True,True,True,True,True,True,True,True,True,True,True,True,True,True,True,True,True,True,True,True,True,True,True,True,True,True,True,True,True,True,True,True,True,True,True,True,True,True,True,True,True,True,True,True,True,True,True,True
_walk_transit_destination,True,True,True,True,True,True,True,True,True,True,True,True,True,True,True,True,True,True,True,True,True,True,True,True,True,True,True,True,True,True,True,True,True,True,True,True,True,True,True,True,True,True,True,True,True,True,True,True,True,True,True,True,True,True,True
walk_transit_available,True,True,True,True,True,True,True,True,True,True,True,True,True,True,True,True,True,True,True,True,True,True,True,True,True,True,True,True,True,True,True,True,True,True,True,True,True,True,True,True,True,True,True,True,True,True,True,True,True,True,True,True,True,True,True
drive_transit_available,True,True,True,True,True,True,True,True,True,True,True,True,True,True,True,True,True,True,True,True,True,True,True,True,True,True,True,True,True,True,True,True,True,True,True,True,True,True,True,True,True,True,True,True,True,True,True,True,True,True,True,True,True,True,True
origin_walk_time,6.66,6.66,6.66,6.66,6.66,6.66,6.66,6.66,6.66,6.66,6.66,6.66,6.66,6.66,6.66,6.66,6.66,6.66,6.66,6.66,6.66,6.66,6.66,6.66,6.66,6.66,6.66,6.66,6.66,6.66,6.66,6.66,6.66,6.66,6.66,6.66,6.66,6.66,6.66,6.66,6.66,6.66,6.66,6.66,6.66,6.66,6.66,6.66,6.66,6.66,6.66,6.66,6.66,6.66,6.66
destination_walk_time,6.66,6.66,6.66,6.66,6.66,6.66,6.66,6.66,6.66,6.66,6.66,6.66,6.66,6.66,6.66,6.66,6.66,6.66,6.66,6.66,6.66,6.66,6.66,6.66,6.66,6.66,6.66,6.66,6.66,6.66,6.66,6.66,6.66,6.66,6.66,6.66,6.66,6.66,6.66,6.66,6.66,6.66,6.66,6.66,6.66,6.66,6.66,6.66,6.66,6.66,6.66,6.66,6.66,6.66,6.66
origin_density_measure,5578.776372491014,5578.776372491014,5578.776372491014,5578.776372491014,5578.776372491014,5578.776372491014,5578.776372491014,5578.776372491014,5578.776372491014,5578.776372491014,5578.776372491014,5578.776372491014,5578.776372491014,5578.776372491014,5578.776372491014,5578.776372491014,5578.776372491014,5578.776372491014,5578.776372491014,5578.776372491014,5578.776372491014,5578.776372491014,5578.776372491014,5578.776372491014,5578.776372491014,5578.776372491014,5578.776372491014,5578.776372491014,5578.776372491014,5578.776372491014,5578.776372491014,5578.776372491014,5578.776372491014,5578.776372491014,5578.776372491014,5578.776372491014,5578.776372491014,5578.776372491014,5578.776372491014,5578.776372491014,5578.776372491014,5578.776372491014,5578.776372491014,5578.776372491014,5578.776372491014,5578.776372491014,5578.776372491014,5578.776372491014,5578.776372491014,5578.776372491014,5578.776372491014,5578.776372491014,5578.776372491014,5578.776372491014,5578.776372491014
dest_density_measure,172295.8481440499,451259.63794635644,12842.51943522031,4352.797332189551,5946.310276339609,12480.340092819519,11382.155212423359,10975.343620644126,2220.866524111447,13383.776837515918,10961.444877621854,12701.930550257679,15016.98560414672,10252.395483452301,8343.797648769996,180.257219472516,103.22436575711613,1503.4744625465746,14704.71911583132,11599.675308222972,25769.404085601935,8802.159845565337,1797.0934769929584,9035.713770627213,9473.59773963683,7217.421467207644,18071.368639731496,84821.76043652874,21557.009865846394,8660.24125690525,29117.49315699851,10456.905376606397,4352.797332189551,12480.340092819519,11382.155212423359,19504.897779592593,12097.700779958057,42547.50863721382,13891.923038673183,13423.556931061243,9812.128616279264,4456.3762186759,9404.582779718146,1503.4744625465746,10692.374208289331,5230.668762975076,13034.586109181082,9962.499258198877,9178.950322978293,9473.59773963683,4262.568794819042,168964.00428438518,14195.91270167737,17354.261265989087,1228.0171441848645
origin_density,2,2,2,2,2,2,2,2,2,2,2,2,2,2,2,2,2,2,2,2,2,2,2,2,2,2,2,2,2,2,2,2,2,2,2,2,2,2,2,2,2,2,2,2,2,2,2,2,2,2,2,2,2,2,2
dest_density,1,1,2,3,2,2,2,2,3,2,2,2,1,2,2,5,5,4,2,2,1,2,4,2,2,2,1,1,1,2,1,2,3,2,2,1,2,1,2,2,2,3,2,4,2,2,2,2,2,2,3,1,2,1,4
origin_zone_taxi_wait_time_mean,9.5,9.5,9.5,9.5,9.5,9.5,9.5,9.5,9.5,9.5,9.5,9.5,9.5,9.5,9.5,9.5,9.5,9.5,9.5,9.5,9.5,9.5,9.5,9.5,9.5,9.5,9.5,9.5,9.5,9.5,9.5,9.5,9.5,9.5,9.5,9.5,9.5,9.5,9.5,9.5,9.5,9.5,9.5,9.5,9.5,9.5,9.5,9.5,9.5,9.5,9.5,9.5,9.5,9.5,9.5
origin_zone_taxi_wait_time_sd,0,0,0,0,0,0,0,0,0,0,0,0,0,0,0,0,0,0,0,0,0,0,0,0,0,0,0,0,0,0,0,0,0,0,0,0,0,0,0,0,0,0,0,0,0,0,0,0,0,0,0,0,0,0,0
dest_zone_taxi_wait_time_mean,5.5,5.5,9.5,13.3,9.5,9.5,9.5,9.5,13.3,9.5,9.5,9.5,5.5,9.5,9.5,26.5,26.5,17.3,9.5,9.5,5.5,9.5,17.3,9.5,9.5,9.5,5.5,5.5,5.5,9.5,5.5,9.5,13.3,9.5,9.5,5.5,9.5,5.5,9.5,9.5,9.5,13.3,9.5,17.3,9.5,9.5,9.5,9.5,9.5,9.5,13.3,5.5,9.5,5.5,17.3
dest_zone_taxi_wait_time_sd,0,0,0,0,0,0,0,0,0,0,0,0,0,0,0,0,0,0,0,0,0,0,0,0,0,0,0,0,0,0,0,0,0,0,0,0,0,0,0,0,0,0,0,0,0,0,0,0,0,0,0,0,0,0,0
origTaxiWaitTime,9.500000000000002,9.500000000000002,9.500000000000002,9.500000000000002,9.500000000000002,9.500000000000002,9.500000000000002,9.500000000000002,9.500000000000002,9.500000000000002,9.500000000000002,9.500000000000002,9.500000000000002,9.500000000000002,9.500000000000002,9.500000000000002,9.500000000000002,9.500000000000002,9.500000000000002,9.500000000000002,9.500000000000002,9.500000000000002,9.500000000000002,9.500000000000002,9.500000000000002,9.500000000000002,9.500000000000002,9.500000000000002,9.500000000000002,9.500000000000002,9.500000000000002,9.500000000000002,9.500000000000002,9.500000000000002,9.500000000000002,9.500000000000002,9.500000000000002,9.500000000000002,9.500000000000002,9.500000000000002,9.500000000000002,9.500000000000002,9.500000000000002,9.500000000000002,9.500000000000002,9.500000000000002,9.500000000000002,9.500000000000002,9.500000000000002,9.500000000000002,9.500000000000002,9.500000000000002,9.500000000000002,9.500000000000002,9.500000000000002
destTaxiWaitTime,5.5,5.5,9.500000000000002,13.300000000000002,9.500000000000002,9.500000000000002,9.500000000000002,9.500000000000002,13.300000000000002,9.500000000000002,9.500000000000002,9.500000000000002,5.5,9.500000000000002,9.500000000000002,26.5,26.5,17.3,9.500000000000002,9.500000000000002,5.5,9.500000000000002,17.3,9.500000000000002,9.500000000000002,9.500000000000002,5.5,5.5,5.5,9.500000000000002,5.5,9.500000000000002,13.300000000000002,9.500000000000002,9.500000000000002,5.5,9.500000000000002,5.5,9.500000000000002,9.500000000000002,9.500000000000002,13.300000000000002,9.500000000000002,17.3,9.500000000000002,9.500000000000002,9.500000000000002,9.500000000000002,9.500000000000002,9.500000000000002,13.300000000000002,5.5,9.500000000000002,5.5,17.3
origin_zone_singleTNC_wait_time_mean,6.3,6.3,6.3,6.3,6.3,6.3,6.3,6.3,6.3,6.3,6.3,6.3,6.3,6.3,6.3,6.3,6.3,6.3,6.3,6.3,6.3,6.3,6.3,6.3,6.3,6.3,6.3,6.3,6.3,6.3,6.3,6.3,6.3,6.3,6.3,6.3,6.3,6.3,6.3,6.3,6.3,6.3,6.3,6.3,6.3,6.3,6.3,6.3,6.3,6.3,6.3,6.3,6.3,6.3,6.3
origin_zone_singleTNC_wait_time_sd,0,0,0,0,0,0,0,0,0,0,0,0,0,0,0,0,0,0,0,0,0,0,0,0,0,0,0,0,0,0,0,0,0,0,0,0,0,0,0,0,0,0,0,0,0,0,0,0,0,0,0,0,0,0,0
dest_zone_singleTNC_wait_time_mean,3.0,3.0,6.3,8.4,6.3,6.3,6.3,6.3,8.4,6.3,6.3,6.3,3.0,6.3,6.3,10.3,10.3,8.5,6.3,6.3,3.0,6.3,8.5,6.3,6.3,6.3,3.0,3.0,3.0,6.3,3.0,6.3,8.4,6.3,6.3,3.0,6.3,3.0,6.3,6.3,6.3,8.4,6.3,8.5,6.3,6.3,6.3,6.3,6.3,6.3,8.4,3.0,6.3,3.0,8.5
dest_zone_singleTNC_wait_time_sd,0,0,0,0,0,0,0,0,0,0,0,0,0,0,0,0,0,0,0,0,0,0,0,0,0,0,0,0,0,0,0,0,0,0,0,0,0,0,0,0,0,0,0,0,0,0,0,0,0,0,0,0,0,0,0
origSingleTNCWaitTime,6.299999999999999,6.299999999999999,6.299999999999999,6.299999999999999,6.299999999999999,6.299999999999999,6.299999999999999,6.299999999999999,6.299999999999999,6.299999999999999,6.299999999999999,6.299999999999999,6.299999999999999,6.299999999999999,6.299999999999999,6.299999999999999,6.299999999999999,6.299999999999999,6.299999999999999,6.299999999999999,6.299999999999999,6.299999999999999,6.299999999999999,6.299999999999999,6.299999999999999,6.299999999999999,6.299999999999999,6.299999999999999,6.299999999999999,6.299999999999999,6.299999999999999,6.299999999999999,6.299999999999999,6.299999999999999,6.299999999999999,6.299999999999999,6.299999999999999,6.299999999999999,6.299999999999999,6.299999999999999,6.299999999999999,6.299999999999999,6.299999999999999,6.299999999999999,6.299999999999999,6.299999999999999,6.299999999999999,6.299999999999999,6.299999999999999,6.299999999999999,6.299999999999999,6.299999999999999,6.299999999999999,6.299999999999999,6.299999999999999
destSingleTNCWaitTime,3.0000000000000004,3.0000000000000004,6.299999999999999,8.4,6.299999999999999,6.299999999999999,6.299999999999999,6.299999999999999,8.4,6.299999999999999,6.299999999999999,6.299999999999999,3.0000000000000004,6.299999999999999,6.299999999999999,10.299999999999999,10.299999999999999,8.5,6.299999999999999,6.299999999999999,3.0000000000000004,6.299999999999999,8.5,6.299999999999999,6.299999999999999,6.299999999999999,3.0000000000000004,3.0000000000000004,3.0000000000000004,6.299999999999999,3.0000000000000004,6.299999999999999,8.4,6.299999999999999,6.299999999999999,3.0000000000000004,6.299999999999999,3.0000000000000004,6.299999999999999,6.299999999999999,6.299999999999999,8.4,6.299999999999999,8.5,6.299999999999999,6.299999999999999,6.299999999999999,6.299999999999999,6.299999999999999,6.299999999999999,8.4,3.0000000000000004,6.299999999999999,3.0000000000000004,8.5
origin_zone_sharedTNC_wait_time_mean,8.0,8.0,8.0,8.0,8.0,8.0,8.0,8.0,8.0,8.0,8.0,8.0,8.0,8.0,8.0,8.0,8.0,8.0,8.0,8.0,8.0,8.0,8.0,8.0,8.0,8.0,8.0,8.0,8.0,8.0,8.0,8.0,8.0,8.0,8.0,8.0,8.0,8.0,8.0,8.0,8.0,8.0,8.0,8.0,8.0,8.0,8.0,8.0,8.0,8.0,8.0,8.0,8.0,8.0,8.0
origin_zone_sharedTNC_wait_time_sd,0,0,0,0,0,0,0,0,0,0,0,0,0,0,0,0,0,0,0,0,0,0,0,0,0,0,0,0,0,0,0,0,0,0,0,0,0,0,0,0,0,0,0,0,0,0,0,0,0,0,0,0,0,0,0
dest_zone_sharedTNC_wait_time_mean,5.0,5.0,8.0,11.0,8.0,8.0,8.0,8.0,11.0,8.0,8.0,8.0,5.0,8.0,8.0,15.0,15.0,15.0,8.0,8.0,5.0,8.0,15.0,8.0,8.0,8.0,5.0,5.0,5.0,8.0,5.0,8.0,11.0,8.0,8.0,5.0,8.0,5.0,8.0,8.0,8.0,11.0,8.0,15.0,8.0,8.0,8.0,8.0,8.0,8.0,11.0,5.0,8.0,5.0,15.0
dest_zone_sharedTNC_wait_time_sd,0,0,0,0,0,0,0,0,0,0,0,0,0,0,0,0,0,0,0,0,0,0,0,0,0,0,0,0,0,0,0,0,0,0,0,0,0,0,0,0,0,0,0,0,0,0,0,0,0,0,0,0,0,0,0
origSharedTNCWaitTime,7.999999999999998,7.999999999999998,7.999999999999998,7.999999999999998,7.999999999999998,7.999999999999998,7.999999999999998,7.999999999999998,7.999999999999998,7.999999999999998,7.999999999999998,7.999999999999998,7.999999999999998,7.999999999999998,7.999999999999998,7.999999999999998,7.999999999999998,7.999999999999998,7.999999999999998,7.999999999999998,7.999999999999998,7.999999999999998,7.999999999999998,7.999999999999998,7.999999999999998,7.999999999999998,7.999999999999998,7.999999999999998,7.999999999999998,7.999999999999998,7.999999999999998,7.999999999999998,7.999999999999998,7.999999999999998,7.999999999999998,7.999999999999998,7.999999999999998,7.999999999999998,7.999999999999998,7.999999999999998,7.999999999999998,7.999999999999998,7.999999999999998,7.999999999999998,7.999999999999998,7.999999999999998,7.999999999999998,7.999999999999998,7.999999999999998,7.999999999999998,7.999999999999998,7.999999999999998,7.999999999999998,7.999999999999998,7.999999999999998
destSharedTNCWaitTime,4.999999999999999,4.999999999999999,7.999999999999998,11.000000000000002,7.999999999999998,7.999999999999998,7.999999999999998,7.999999999999998,11.000000000000002,7.999999999999998,7.999999999999998,7.999999999999998,4.999999999999999,7.999999999999998,7.999999999999998,15.0,15.0,15.0,7.999999999999998,7.999999999999998,4.999999999999999,7.999999999999998,15.0,7.999999999999998,7.999999999999998,7.999999999999998,4.999999999999999,4.999999999999999,4.999999999999999,7.999999999999998,4.999999999999999,7.999999999999998,11.000000000000002,7.999999999999998,7.999999999999998,4.999999999999999,7.999999999999998,4.999999999999999,7.999999999999998,7.999999999999998,7.999999999999998,11.000000000000002,7.999999999999998,15.0,7.999999999999998,7.999999999999998,7.999999999999998,7.999999999999998,7.999999999999998,7.999999999999998,11.000000000000002,4.999999999999999,7.999999999999998,4.999999999999999,15.0
totalWaitTaxi,15.000000000000002,15.000000000000002,19.000000000000004,22.800000000000004,19.000000000000004,19.000000000000004,19.000000000000004,19.000000000000004,22.800000000000004,19.000000000000004,19.000000000000004,19.000000000000004,15.000000000000002,19.000000000000004,19.000000000000004,36.0,36.0,26.800000000000004,19.000000000000004,19.000000000000004,15.000000000000002,19.000000000000004,26.800000000000004,19.000000000000004,19.000000000000004,19.000000000000004,15.000000000000002,15.000000000000002,15.000000000000002,19.000000000000004,15.000000000000002,19.000000000000004,22.800000000000004,19.000000000000004,19.000000000000004,15.000000000000002,19.000000000000004,15.000000000000002,19.000000000000004,19.000000000000004,19.000000000000004,22.800000000000004,19.000000000000004,26.800000000000004,19.000000000000004,19.000000000000004,19.000000000000004,19.000000000000004,19.000000000000004,19.000000000000004,22.800000000000004,15.000000000000002,19.000000000000004,15.000000000000002,26.800000000000004
totalWaitSingleTNC,9.299999999999999,9.299999999999999,12.599999999999998,14.7,12.599999999999998,12.599999999999998,12.599999999999998,12.599999999999998,14.7,12.599999999999998,12.599999999999998,12.599999999999998,9.299999999999999,12.599999999999998,12.599999999999998,16.599999999999998,16.599999999999998,14.799999999999999,12.599999999999998,12.599999999999998,9.299999999999999,12.599999999999998,14.799999999999999,12.599999999999998,12.599999999999998,12.599999999999998,9.299999999999999,9.299999999999999,9.299999999999999,12.599999999999998,9.299999999999999,12.599999999999998,14.7,12.599999999999998,12.599999999999998,9.299999999999999,12.599999999999998,9.299999999999999,12.599999999999998,12.599999999999998,12.599999999999998,14.7,12.599999999999998,14.799999999999999,12.599999999999998,12.599999999999998,12.599999999999998,12.599999999999998,12.599999999999998,12.599999999999998,14.7,9.299999999999999,12.599999999999998,9.299999999999999,14.799999999999999
totalWaitSharedTNC,12.999999999999996,12.999999999999996,15.999999999999996,19.0,15.999999999999996,15.999999999999996,15.999999999999996,15.999999999999996,19.0,15.999999999999996,15.999999999999996,15.999999999999996,12.999999999999996,15.999999999999996,15.999999999999996,23.0,23.0,23.0,15.999999999999996,15.999999999999996,12.999999999999996,15.999999999999996,23.0,15.999999999999996,15.999999999999996,15.999999999999996,12.999999999999996,12.999999999999996,12.999999999999996,15.999999999999996,12.999999999999996,15.999999999999996,19.0,15.999999999999996,15.999999999999996,12.999999999999996,15.999999999999996,12.999999999999996,15.999999999999996,15.999999999999996,15.999999999999996,19.0,15.999999999999996,23.0,15.999999999999996,15.999999999999996,15.999999999999996,15.999999999999996,15.999999999999996,15.999999999999996,19.0,12.999999999999996,15.999999999999996,12.999999999999996,23.0
_free_parking_available,False,False,False,False,False,False,False,False,False,False,False,False,False,False,False,False,False,False,False,False,False,False,False,False,False,False,False,False,False,False,False,False,False,False,False,False,False,False,False,False,False,False,False,False,False,False,False,False,False,False,False,False,False,False,False
_dest_hourly_peak_parking_cost,187.43730969902126,512.2238984614543,12.130475280815276,4.446588626510379,6.095377200527882,12.82942593291068,7.0142285959832105,9.366602331536852,2.1982924572860787,11.488073665737994,12.062996514953728,3.945345149650036,8.435374569650673,0.0,0.0,0.10636584579002913,0.0,1.5453411313450534,6.691038650957581,5.8501424926014165,25.536953009699694,8.227592367594957,1.2791796246477611,7.772908739494567,5.3966345755489655,5.4141097283264985,0.0,107.72985735376758,22.372093003946155,7.493571339500201,29.30868616560192,8.501873834507172,4.446588626510379,12.82942593291068,7.0142285959832105,20.2933077289404,8.678479238126911,47.11135589524581,0.0,5.322562702516201,1.5248558946621422,2.8936557996721173,6.467580142365187,1.5453411313450534,0.0,2.4313508314945587,4.760684470958027,2.3387632088766064,3.7942092716022087,5.3966345755489655,5.476897962696621,242.6827858224381,15.297751474829242,26.086780553702763,0.7396414166374775
_dest_hourly_offpeak_parking_cost,604.968320806092,1506.8458225741385,38.077909210844346,14.021963747061742,19.306294159188443,40.52786113205735,22.68191596938475,30.137300108150004,6.985458656334207,35.54243193853547,27.524590465166717,0.0,26.46429694518289,0.0,0.03987549292145332,0.3241084477607545,0.0,4.886506642719418,17.64253913258939,12.90032129087345,68.6439726565672,17.522356035754115,3.927295401619527,15.537693539582849,15.230885750928685,15.472265207569857,0.0,335.95963498220385,66.61075597066977,23.087334074172944,92.84718884242464,28.057168979635183,14.021963747061742,40.52786113205735,22.68191596938475,65.450025256706,15.101468807282572,140.91447861085697,0.0,15.45163498535326,2.4688883126286068,8.308901262951917,20.66433200891817,4.886506642719418,0.0,8.206938051810642,10.984439508682101,7.008219352625402,11.54948534333825,15.230885750928685,9.609375011893448,669.9276854962595,46.550194784407815,73.28044921199589,2.7262566009956624
_hourly_peak_parking_cost,187.43730969902126,512.2238984614543,12.130475280815276,4.446588626510379,6.095377200527882,12.82942593291068,7.0142285959832105,9.366602331536852,2.1982924572860787,11.488073665737994,12.062996514953728,3.945345149650036,8.435374569650673,0.0,0.0,0.10636584579002913,0.0,1.5453411313450534,6.691038650957581,5.8501424926014165,25.536953009699694,8.227592367594957,1.2791796246477611,7.772908739494567,5.3966345755489655,5.4141097283264985,0.0,107.72985735376758,22.372093003946155,7.493571339500201,29.30868616560192,8.501873834507172,4.446588626510379,12.82942593291068,7.0142285959832105,20.2933077289404,8.678479238126911,47.11135589524581,0.0,5.322562702516201,1.5248558946621422,2.8936557996721173,6.467580142365187,1.5453411313450534,0.0,2.4313508314945587,4.760684470958027,2.3387632088766064,3.7942092716022087,5.3966345755489655,5.476897962696621,242.6827858224381,15.297751474829242,26.086780553702763,0.7396414166374775
_hourly_offpeak_parking_cost,604.968320806092,1506.8458225741385,38.077909210844346,14.021963747061742,19.306294159188443,40.52786113205735,22.68191596938475,30.137300108150004,6.985458656334207,35.54243193853547,27.524590465166717,0.0,26.46429694518289,0.0,0.03987549292145332,0.3241084477607545,0.0,4.886506642719418,17.64253913258939,12.90032129087345,68.6439726565672,17.522356035754115,3.927295401619527,15.537693539582849,15.230885750928685,15.472265207569857,0.0,335.95963498220385,66.61075597066977,23.087334074172944,92.84718884242464,28.057168979635183,14.021963747061742,40.52786113205735,22.68191596938475,65.450025256706,15.101468807282572,140.91447861085697,0.0,15.45163498535326,2.4688883126286068,8.308901262951917,20.66433200891817,4.886506642719418,0.0,8.206938051810642,10.984439508682101,7.008219352625402,11.54948534333825,15.230885750928685,9.609375011893448,669.9276854962595,46.550194784407815,73.28044921199589,2.7262566009956624
daily_parking_cost,5444.714887254829,13561.612403167246,342.7011828975991,126.19767372355568,173.75664743269598,364.7507501885162,204.13724372446276,271.23570097335005,62.869127907007865,319.88188744681923,247.72131418650045,0.0,238.17867250664602,0.0,0.3588794362930799,2.9169760298467904,0.0,43.97855978447476,158.7828521933045,116.10289161786105,617.7957539091049,157.70120432178703,35.34565861457574,139.83924185624565,137.07797175835816,139.25038686812871,0.0,3023.636714839835,599.4968037360279,207.78600666755648,835.6246995818218,252.51452081671664,126.19767372355568,364.7507501885162,204.13724372446276,589.050227310354,135.91321926554315,1268.2303074977128,0.0,139.06471486817935,22.21999481365746,74.78011136656725,185.97898808026352,43.97855978447476,0.0,73.86244246629578,98.85995557813891,63.07397417362862,103.94536809004424,137.07797175835816,86.48437510704103,6029.349169466335,418.95175305967035,659.524042907963,24.53630940896096
distance,36.56999969482422,38.650001525878906,36.380001068115234,19.1200008392334,9.029999732971191,11.420000076293945,12.1899995803833,12.600000381469727,12.670000076293945,21.149999618530273,16.940000534057617,17.729999542236328,10.550000190734863,16.440000534057617,20.520000457763672,29.34000015258789,10.930000305175781,5.269999980926514,3.4100000858306885,5.949999809265137,4.460000038146973,8.819999694824219,15.1899995803833,12.859999656677246,16.8799991607666,20.389999389648438,21.579999923706055,29.170000076293945,25.770000457763672,25.760000228881836,21.6299991607666,17.969999313354492,19.1200008392334,11.420000076293945,12.1899995803833,14.399999618530273,13.390000343322754,15.069999694824219,15.039999961853027,9.989999771118164,8.880000114440918,14.25,12.829999923706055,5.269999980926514,3.6600000858306885,6.389999866485596,7.309999942779541,5.0,10.210000038146973,16.8799991607666,21.799999237060547,27.709999084472656,32.72999954223633,33.41999816894531,24.8799991607666
sov_available,True,True,True,True,True,True,True,True,True,True,True,True,True,True,True,True,True,True,True,True,True,True,True,True,True,True,True,True,True,True,True,True,True,True,True,True,True,True,True,True,True,True,True,True,True,True,True,True,True,True,True,True,True,True,True
sovtoll_available,False,True,True,True,False,False,False,True,False,False,False,False,False,False,False,False,False,False,False,False,False,False,False,False,False,False,False,False,True,True,True,True,True,False,False,True,False,False,False,False,False,False,False,False,False,False,False,False,False,False,False,False,False,False,False
hov2_available,True,True,True,True,True,True,True,True,True,True,True,True,True,True,True,True,True,True,True,True,True,True,True,True,True,True,True,True,True,True,True,True,True,True,True,True,True,True,True,True,True,True,True,True,True,True,True,True,True,True,True,True,True,True,True
hov2toll_available,False,False,False,True,False,False,False,True,False,False,True,True,True,True,True,True,False,False,False,False,False,False,False,False,False,False,False,False,False,False,True,True,True,False,False,False,True,True,True,True,False,False,False,False,False,False,False,False,False,False,False,False,False,False,False
hov3_available,True,True,True,True,True,True,True,True,True,True,True,True,True,True,True,True,True,True,True,True,True,True,True,True,True,True,True,True,True,True,True,True,True,True,True,True,True,True,True,True,True,True,True,True,True,True,True,True,True,True,True,True,True,True,True
hov3toll_available,False,False,False,False,False,False,False,False,False,False,False,False,False,False,False,False,False,False,False,False,False,False,False,False,False,False,False,False,False,False,False,False,False,False,False,False,False,False,False,False,False,False,False,False,False,False,False,False,False,False,False,False,False,False,False
walk_local_available,False,False,False,False,False,False,True,True,True,True,True,True,True,True,True,False,False,False,True,True,True,True,True,True,True,True,True,False,False,False,False,False,False,False,True,True,True,True,True,True,True,False,False,False,True,True,True,True,True,True,True,True,False,False,False
walk_commuter_available,False,False,False,False,False,False,False,False,False,False,False,False,False,False,False,False,False,False,False,False,False,False,False,False,False,False,False,False,False,False,False,False,False,False,False,False,False,False,False,False,False,False,False,False,False,False,False,False,False,False,False,False,False,False,False
walk_express_available,True,False,False,False,True,True,True,True,True,True,True,True,False,True,True,False,False,False,False,False,False,False,False,False,False,False,True,False,False,False,True,True,False,True,True,True,True,True,True,False,False,False,False,False,False,False,False,False,False,False,False,False,False,False,False
walk_heavyrail_available,True,True,False,False,False,False,False,False,False,False,False,False,False,False,False,False,False,False,False,False,False,True,False,True,True,True,True,True,False,False,False,False,False,False,False,False,False,False,False,False,False,False,True,False,False,False,False,False,True,True,True,True,True,False,False
walk_lrf_available,False,False,False,False,True,True,True,True,True,True,False,False,False,False,True,False,False,False,False,False,False,False,False,False,False,False,False,False,False,False,False,True,False,True,True,False,False,True,False,False,False,False,False,False,False,False,False,False,False,False,False,False,False,False,False
walk_ferry_available,False,False,False,False,False,False,False,False,False,False,False,False,False,False,False,False,False,False,False,False,False,False,False,False,False,False,False,False,False,False,False,False,False,False,False,False,False,False,False,False,False,False,False,False,False,False,False,False,False,False,False,False,False,False,False
drive_local_available,False,False,False,False,False,False,True,True,True,True,True,True,True,True,True,False,False,False,True,True,True,True,True,True,True,True,True,False,False,False,True,True,False,False,True,True,True,True,True,True,True,False,False,False,True,True,True,True,True,True,False,True,False,False,False
drive_commuter_available,False,False,False,False,True,True,False,True,True,False,True,True,False,False,True,False,False,False,False,False,False,False,False,False,False,False,False,False,False,False,False,False,False,True,False,True,True,True,False,False,False,False,False,False,False,False,False,False,False,False,False,False,True,False,False
drive_express_available,False,False,False,False,True,True,True,True,True,False,False,False,False,True,False,False,False,False,True,True,True,True,True,True,True,False,False,False,False,False,True,True,False,True,True,False,False,False,True,False,False,False,False,False,True,True,True,True,True,True,False,False,False,False,False
drive_heavyrail_available,False,False,False,False,False,False,False,False,False,False,False,False,False,False,False,False,False,False,False,False,False,False,False,False,False,False,False,False,False,False,False,False,False,False,False,False,False,False,False,False,False,False,False,False,False,False,False,False,False,False,False,False,False,False,False
drive_lrf_available,True,True,False,False,True,True,True,True,True,True,False,False,True,True,True,False,False,False,False,False,False,False,False,False,False,False,False,True,False,False,False,True,False,True,True,True,False,True,True,False,False,False,False,False,False,False,False,False,False,False,False,True,False,False,False
drive_ferry_available,True,True,False,False,False,False,False,False,False,False,False,False,False,False,False,False,False,False,False,False,False,False,False,False,False,False,False,True,False,False,False,False,False,False,False,False,False,False,False,False,False,False,False,False,False,False,False,False,False,False,False,True,False,False,False
destination_in_cbd,1,1,0,0,0,0,0,0,0,0,0,0,0,0,0,0,0,0,0,0,0,0,0,0,0,0,0,1,0,0,1,0,0,0,0,0,0,1,0,0,0,0,0,0,0,0,0,0,0,0,0,1,0,0,0
