label,value_1,value_2,value_3,value_4,value_5,value_6,value_7,value_8,value_9,value_10,value_11,value_12,value_13,value_14,value_15,value_16,value_17,value_18,value_19,value_20,value_21,value_22,value_23,value_24,value_25,value_26,value_27,value_28,value_29,value_30,value_31,value_32,value_33,value_34,value_35,value_36,value_37,value_38,value_39,value_40,value_41,value_42,value_43,value_44,value_45,value_46,value_47,value_48,value_49,value_50,value_51,value_52,value_53,value_54,value_55,value_56,value_57,value_58,value_59,value_60,value_61,value_62,value_63,value_64,value_65,value_66,value_67,value_68,value_69,value_70,value_71,value_72,value_73,value_74,value_75,value_76,value_77,value_78,value_79,value_80,value_81,value_82,value_83,value_84,value_85
tour_id,48410863,48410863,48410863,48410863,48410863,48410863,48410863,48410863,48410863,48410863,48410863,48410863,48410863,48410863,48410863,48410863,48410863,48410863,48410863,48410863,48410863,48410863,48410863,48410863,48410863,48410863,48410863,48410863,48410863,48410863,48410863,48410863,48410863,48410863,48410863,48410863,48410863,48410863,48410863,48410863,48410863,48410863,48410863,48410863,48410863,48410863,48410863,48410863,48410863,48410863,48410863,48410863,48410863,48410863,48410863,48410863,48410863,48410863,48410863,48410863,48410863,48410863,48410863,48410863,48410863,48410863,48410863,48410863,48410863,48410863,48410863,48410863,48410863,48410863,48410863,48410863,48410863,48410863,48410863,48410863,48410863,48410863,48410863,48410863,48410863
out_period,EA,EA,EA,EA,EA,EA,EA,EA,EA,EA,EA,EA,EA,EA,EA,EA,EA,EA,EA,EA,EA,EA,EA,AM,AM,AM,AM,AM,AM,AM,AM,AM,AM,AM,AM,AM,AM,AM,AM,AM,AM,AM,AM,AM,AM,AM,AM,AM,AM,AM,AM,AM,MD,MD,MD,MD,MD,MD,MD,MD,MD,MD,MD,MD,MD,MD,MD,MD,MD,MD,MD,MD,PM,PM,PM,PM,PM,PM,PM,PM,PM,PM,EV,EV,EV
in_period,EA,EA,AM,AM,AM,AM,AM,MD,MD,MD,MD,MD,PM,PM,PM,PM,EV,EV,EV,AM,MD,PM,EV,AM,AM,AM,AM,AM,MD,MD,MD,MD,MD,PM,PM,PM,PM,EV,EV,EV,MD,PM,EV,MD,PM,EV,MD,PM,EV,MD,PM,EV,MD,MD,MD,MD,MD,PM,PM,PM,PM,EV,EV,EV,PM,EV,PM,EV,PM,EV,PM,EV,PM,PM,PM,PM,EV,EV,EV,EV,EV,EV,EV,EV,EV
duration,0,1,2,3,4,5,6,7,8,9,10,11,12,13,14,15,16,17,18,1,6,11,15,0,1,2,3,4,5,6,7,8,9,10,11,12,13,14,15,16,4,9,13,3,8,12,2,7,11,1,6,10,0,1,2,3,4,5,6,7,8,9,10,11,4,8,3,7,2,6,1,5,0,1,2,3,4,5,6,3,2,1,0,1,2
person_id,1180752,1180752,1180752,1180752,1180752,1180752,1180752,1180752,1180752,1180752,1180752,1180752,1180752,1180752,1180752,1180752,1180752,1180752,1180752,1180752,1180752,1180752,1180752,1180752,1180752,1180752,1180752,1180752,1180752,1180752,1180752,1180752,1180752,1180752,1180752,1180752,1180752,1180752,1180752,1180752,1180752,1180752,1180752,1180752,1180752,1180752,1180752,1180752,1180752,1180752,1180752,1180752,1180752,1180752,1180752,1180752,1180752,1180752,1180752,1180752,1180752,1180752,1180752,1180752,1180752,1180752,1180752,1180752,1180752,1180752,1180752,1180752,1180752,1180752,1180752,1180752,1180752,1180752,1180752,1180752,1180752,1180752,1180752,1180752,1180752
tour_type,school,school,school,school,school,school,school,school,school,school,school,school,school,school,school,school,school,school,school,school,school,school,school,school,school,school,school,school,school,school,school,school,school,school,school,school,school,school,school,school,school,school,school,school,school,school,school,school,school,school,school,school,school,school,school,school,school,school,school,school,school,school,school,school,school,school,school,school,school,school,school,school,school,school,school,school,school,school,school,school,school,school,school,school,school
tour_type_count,1,1,1,1,1,1,1,1,1,1,1,1,1,1,1,1,1,1,1,1,1,1,1,1,1,1,1,1,1,1,1,1,1,1,1,1,1,1,1,1,1,1,1,1,1,1,1,1,1,1,1,1,1,1,1,1,1,1,1,1,1,1,1,1,1,1,1,1,1,1,1,1,1,1,1,1,1,1,1,1,1,1,1,1,1
tour_type_num,1,1,1,1,1,1,1,1,1,1,1,1,1,1,1,1,1,1,1,1,1,1,1,1,1,1,1,1,1,1,1,1,1,1,1,1,1,1,1,1,1,1,1,1,1,1,1,1,1,1,1,1,1,1,1,1,1,1,1,1,1,1,1,1,1,1,1,1,1,1,1,1,1,1,1,1,1,1,1,1,1,1,1,1,1
tour_num,1,1,1,1,1,1,1,1,1,1,1,1,1,1,1,1,1,1,1,1,1,1,1,1,1,1,1,1,1,1,1,1,1,1,1,1,1,1,1,1,1,1,1,1,1,1,1,1,1,1,1,1,1,1,1,1,1,1,1,1,1,1,1,1,1,1,1,1,1,1,1,1,1,1,1,1,1,1,1,1,1,1,1,1,1
tour_count,1,1,1,1,1,1,1,1,1,1,1,1,1,1,1,1,1,1,1,1,1,1,1,1,1,1,1,1,1,1,1,1,1,1,1,1,1,1,1,1,1,1,1,1,1,1,1,1,1,1,1,1,1,1,1,1,1,1,1,1,1,1,1,1,1,1,1,1,1,1,1,1,1,1,1,1,1,1,1,1,1,1,1,1,1
tour_category,mandatory,mandatory,mandatory,mandatory,mandatory,mandatory,mandatory,mandatory,mandatory,mandatory,mandatory,mandatory,mandatory,mandatory,mandatory,mandatory,mandatory,mandatory,mandatory,mandatory,mandatory,mandatory,mandatory,mandatory,mandatory,mandatory,mandatory,mandatory,mandatory,mandatory,mandatory,mandatory,mandatory,mandatory,mandatory,mandatory,mandatory,mandatory,mandatory,mandatory,mandatory,mandatory,mandatory,mandatory,mandatory,mandatory,mandatory,mandatory,mandatory,mandatory,mandatory,mandatory,mandatory,mandatory,mandatory,mandatory,mandatory,mandatory,mandatory,mandatory,mandatory,mandatory,mandatory,mandatory,mandatory,mandatory,mandatory,mandatory,mandatory,mandatory,mandatory,mandatory,mandatory,mandatory,mandatory,mandatory,mandatory,mandatory,mandatory,mandatory,mandatory,mandatory,mandatory,mandatory,mandatory
number_of_participants,1,1,1,1,1,1,1,1,1,1,1,1,1,1,1,1,1,1,1,1,1,1,1,1,1,1,1,1,1,1,1,1,1,1,1,1,1,1,1,1,1,1,1,1,1,1,1,1,1,1,1,1,1,1,1,1,1,1,1,1,1,1,1,1,1,1,1,1,1,1,1,1,1,1,1,1,1,1,1,1,1,1,1,1,1
destination,1257,1257,1257,1257,1257,1257,1257,1257,1257,1257,1257,1257,1257,1257,1257,1257,1257,1257,1257,1257,1257,1257,1257,1257,1257,1257,1257,1257,1257,1257,1257,1257,1257,1257,1257,1257,1257,1257,1257,1257,1257,1257,1257,1257,1257,1257,1257,1257,1257,1257,1257,1257,1257,1257,1257,1257,1257,1257,1257,1257,1257,1257,1257,1257,1257,1257,1257,1257,1257,1257,1257,1257,1257,1257,1257,1257,1257,1257,1257,1257,1257,1257,1257,1257,1257
origin,755,755,755,755,755,755,755,755,755,755,755,755,755,755,755,755,755,755,755,755,755,755,755,755,755,755,755,755,755,755,755,755,755,755,755,755,755,755,755,755,755,755,755,755,755,755,755,755,755,755,755,755,755,755,755,755,755,755,755,755,755,755,755,755,755,755,755,755,755,755,755,755,755,755,755,755,755,755,755,755,755,755,755,755,755
household_id,456291,456291,456291,456291,456291,456291,456291,456291,456291,456291,456291,456291,456291,456291,456291,456291,456291,456291,456291,456291,456291,456291,456291,456291,456291,456291,456291,456291,456291,456291,456291,456291,456291,456291,456291,456291,456291,456291,456291,456291,456291,456291,456291,456291,456291,456291,456291,456291,456291,456291,456291,456291,456291,456291,456291,456291,456291,456291,456291,456291,456291,456291,456291,456291,456291,456291,456291,456291,456291,456291,456291,456291,456291,456291,456291,456291,456291,456291,456291,456291,456291,456291,456291,456291,456291
mandatory_tour_seg,school,school,school,school,school,school,school,school,school,school,school,school,school,school,school,school,school,school,school,school,school,school,school,school,school,school,school,school,school,school,school,school,school,school,school,school,school,school,school,school,school,school,school,school,school,school,school,school,school,school,school,school,school,school,school,school,school,school,school,school,school,school,school,school,school,school,school,school,school,school,school,school,school,school,school,school,school,school,school,school,school,school,school,school,school
hhsize,3,3,3,3,3,3,3,3,3,3,3,3,3,3,3,3,3,3,3,3,3,3,3,3,3,3,3,3,3,3,3,3,3,3,3,3,3,3,3,3,3,3,3,3,3,3,3,3,3,3,3,3,3,3,3,3,3,3,3,3,3,3,3,3,3,3,3,3,3,3,3,3,3,3,3,3,3,3,3,3,3,3,3,3,3
density_index,0.6296254323592501,0.6296254323592501,0.6296254323592501,0.6296254323592501,0.6296254323592501,0.6296254323592501,0.6296254323592501,0.6296254323592501,0.6296254323592501,0.6296254323592501,0.6296254323592501,0.6296254323592501,0.6296254323592501,0.6296254323592501,0.6296254323592501,0.6296254323592501,0.6296254323592501,0.6296254323592501,0.6296254323592501,0.6296254323592501,0.6296254323592501,0.6296254323592501,0.6296254323592501,0.6296254323592501,0.6296254323592501,0.6296254323592501,0.6296254323592501,0.6296254323592501,0.6296254323592501,0.6296254323592501,0.6296254323592501,0.6296254323592501,0.6296254323592501,0.6296254323592501,0.6296254323592501,0.6296254323592501,0.6296254323592501,0.6296254323592501,0.6296254323592501,0.6296254323592501,0.6296254323592501,0.6296254323592501,0.6296254323592501,0.6296254323592501,0.6296254323592501,0.6296254323592501,0.6296254323592501,0.6296254323592501,0.6296254323592501,0.6296254323592501,0.6296254323592501,0.6296254323592501,0.6296254323592501,0.6296254323592501,0.6296254323592501,0.6296254323592501,0.6296254323592501,0.6296254323592501,0.6296254323592501,0.6296254323592501,0.6296254323592501,0.6296254323592501,0.6296254323592501,0.6296254323592501,0.6296254323592501,0.6296254323592501,0.6296254323592501,0.6296254323592501,0.6296254323592501,0.6296254323592501,0.6296254323592501,0.6296254323592501,0.6296254323592501,0.6296254323592501,0.6296254323592501,0.6296254323592501,0.6296254323592501,0.6296254323592501,0.6296254323592501,0.6296254323592501,0.6296254323592501,0.6296254323592501,0.6296254323592501,0.6296254323592501,0.6296254323592501
age,1,1,1,1,1,1,1,1,1,1,1,1,1,1,1,1,1,1,1,1,1,1,1,1,1,1,1,1,1,1,1,1,1,1,1,1,1,1,1,1,1,1,1,1,1,1,1,1,1,1,1,1,1,1,1,1,1,1,1,1,1,1,1,1,1,1,1,1,1,1,1,1,1,1,1,1,1,1,1,1,1,1,1,1,1
age_16_p,False,False,False,False,False,False,False,False,False,False,False,False,False,False,False,False,False,False,False,False,False,False,False,False,False,False,False,False,False,False,False,False,False,False,False,False,False,False,False,False,False,False,False,False,False,False,False,False,False,False,False,False,False,False,False,False,False,False,False,False,False,False,False,False,False,False,False,False,False,False,False,False,False,False,False,False,False,False,False,False,False,False,False,False,False
age_16_to_19,False,False,False,False,False,False,False,False,False,False,False,False,False,False,False,False,False,False,False,False,False,False,False,False,False,False,False,False,False,False,False,False,False,False,False,False,False,False,False,False,False,False,False,False,False,False,False,False,False,False,False,False,False,False,False,False,False,False,False,False,False,False,False,False,False,False,False,False,False,False,False,False,False,False,False,False,False,False,False,False,False,False,False,False,False
auto_ownership,2,2,2,2,2,2,2,2,2,2,2,2,2,2,2,2,2,2,2,2,2,2,2,2,2,2,2,2,2,2,2,2,2,2,2,2,2,2,2,2,2,2,2,2,2,2,2,2,2,2,2,2,2,2,2,2,2,2,2,2,2,2,2,2,2,2,2,2,2,2,2,2,2,2,2,2,2,2,2,2,2,2,2,2,2
num_workers,2.0,2.0,2.0,2.0,2.0,2.0,2.0,2.0,2.0,2.0,2.0,2.0,2.0,2.0,2.0,2.0,2.0,2.0,2.0,2.0,2.0,2.0,2.0,2.0,2.0,2.0,2.0,2.0,2.0,2.0,2.0,2.0,2.0,2.0,2.0,2.0,2.0,2.0,2.0,2.0,2.0,2.0,2.0,2.0,2.0,2.0,2.0,2.0,2.0,2.0,2.0,2.0,2.0,2.0,2.0,2.0,2.0,2.0,2.0,2.0,2.0,2.0,2.0,2.0,2.0,2.0,2.0,2.0,2.0,2.0,2.0,2.0,2.0,2.0,2.0,2.0,2.0,2.0,2.0,2.0,2.0,2.0,2.0,2.0,2.0
value_of_time,33.35,33.35,33.35,33.35,33.35,33.35,33.35,33.35,33.35,33.35,33.35,33.35,33.35,33.35,33.35,33.35,33.35,33.35,33.35,33.35,33.35,33.35,33.35,33.35,33.35,33.35,33.35,33.35,33.35,33.35,33.35,33.35,33.35,33.35,33.35,33.35,33.35,33.35,33.35,33.35,33.35,33.35,33.35,33.35,33.35,33.35,33.35,33.35,33.35,33.35,33.35,33.35,33.35,33.35,33.35,33.35,33.35,33.35,33.35,33.35,33.35,33.35,33.35,33.35,33.35,33.35,33.35,33.35,33.35,33.35,33.35,33.35,33.35,33.35,33.35,33.35,33.35,33.35,33.35,33.35,33.35,33.35,33.35,33.35,33.35
free_parking_at_work,False,False,False,False,False,False,False,False,False,False,False,False,False,False,False,False,False,False,False,False,False,False,False,False,False,False,False,False,False,False,False,False,False,False,False,False,False,False,False,False,False,False,False,False,False,False,False,False,False,False,False,False,False,False,False,False,False,False,False,False,False,False,False,False,False,False,False,False,False,False,False,False,False,False,False,False,False,False,False,False,False,False,False,False,False
ptype,8,8,8,8,8,8,8,8,8,8,8,8,8,8,8,8,8,8,8,8,8,8,8,8,8,8,8,8,8,8,8,8,8,8,8,8,8,8,8,8,8,8,8,8,8,8,8,8,8,8,8,8,8,8,8,8,8,8,8,8,8,8,8,8,8,8,8,8,8,8,8,8,8,8,8,8,8,8,8,8,8,8,8,8,8
roundtrip_auto_time_to_work,0.0,0.0,0.0,0.0,0.0,0.0,0.0,0.0,0.0,0.0,0.0,0.0,0.0,0.0,0.0,0.0,0.0,0.0,0.0,0.0,0.0,0.0,0.0,0.0,0.0,0.0,0.0,0.0,0.0,0.0,0.0,0.0,0.0,0.0,0.0,0.0,0.0,0.0,0.0,0.0,0.0,0.0,0.0,0.0,0.0,0.0,0.0,0.0,0.0,0.0,0.0,0.0,0.0,0.0,0.0,0.0,0.0,0.0,0.0,0.0,0.0,0.0,0.0,0.0,0.0,0.0,0.0,0.0,0.0,0.0,0.0,0.0,0.0,0.0,0.0,0.0,0.0,0.0,0.0,0.0,0.0,0.0,0.0,0.0,0.0
income_in_thousands,176.0,176.0,176.0,176.0,176.0,176.0,176.0,176.0,176.0,176.0,176.0,176.0,176.0,176.0,176.0,176.0,176.0,176.0,176.0,176.0,176.0,176.0,176.0,176.0,176.0,176.0,176.0,176.0,176.0,176.0,176.0,176.0,176.0,176.0,176.0,176.0,176.0,176.0,176.0,176.0,176.0,176.0,176.0,176.0,176.0,176.0,176.0,176.0,176.0,176.0,176.0,176.0,176.0,176.0,176.0,176.0,176.0,176.0,176.0,176.0,176.0,176.0,176.0,176.0,176.0,176.0,176.0,176.0,176.0,176.0,176.0,176.0,176.0,176.0,176.0,176.0,176.0,176.0,176.0,176.0,176.0,176.0,176.0,176.0,176.0
work_and_school_and_worker,False,False,False,False,False,False,False,False,False,False,False,False,False,False,False,False,False,False,False,False,False,False,False,False,False,False,False,False,False,False,False,False,False,False,False,False,False,False,False,False,False,False,False,False,False,False,False,False,False,False,False,False,False,False,False,False,False,False,False,False,False,False,False,False,False,False,False,False,False,False,False,False,False,False,False,False,False,False,False,False,False,False,False,False,False
work_and_school_and_student,False,False,False,False,False,False,False,False,False,False,False,False,False,False,False,False,False,False,False,False,False,False,False,False,False,False,False,False,False,False,False,False,False,False,False,False,False,False,False,False,False,False,False,False,False,False,False,False,False,False,False,False,False,False,False,False,False,False,False,False,False,False,False,False,False,False,False,False,False,False,False,False,False,False,False,False,False,False,False,False,False,False,False,False,False
workplace_in_cbd,False,False,False,False,False,False,False,False,False,False,False,False,False,False,False,False,False,False,False,False,False,False,False,False,False,False,False,False,False,False,False,False,False,False,False,False,False,False,False,False,False,False,False,False,False,False,False,False,False,False,False,False,False,False,False,False,False,False,False,False,False,False,False,False,False,False,False,False,False,False,False,False,False,False,False,False,False,False,False,False,False,False,False,False,False
home_is_rural,False,False,False,False,False,False,False,False,False,False,False,False,False,False,False,False,False,False,False,False,False,False,False,False,False,False,False,False,False,False,False,False,False,False,False,False,False,False,False,False,False,False,False,False,False,False,False,False,False,False,False,False,False,False,False,False,False,False,False,False,False,False,False,False,False,False,False,False,False,False,False,False,False,False,False,False,False,False,False,False,False,False,False,False,False
mandatory_tour_frequency,school1,school1,school1,school1,school1,school1,school1,school1,school1,school1,school1,school1,school1,school1,school1,school1,school1,school1,school1,school1,school1,school1,school1,school1,school1,school1,school1,school1,school1,school1,school1,school1,school1,school1,school1,school1,school1,school1,school1,school1,school1,school1,school1,school1,school1,school1,school1,school1,school1,school1,school1,school1,school1,school1,school1,school1,school1,school1,school1,school1,school1,school1,school1,school1,school1,school1,school1,school1,school1,school1,school1,school1,school1,school1,school1,school1,school1,school1,school1,school1,school1,school1,school1,school1,school1
is_worker,False,False,False,False,False,False,False,False,False,False,False,False,False,False,False,False,False,False,False,False,False,False,False,False,False,False,False,False,False,False,False,False,False,False,False,False,False,False,False,False,False,False,False,False,False,False,False,False,False,False,False,False,False,False,False,False,False,False,False,False,False,False,False,False,False,False,False,False,False,False,False,False,False,False,False,False,False,False,False,False,False,False,False,False,False
is_student,True,True,True,True,True,True,True,True,True,True,True,True,True,True,True,True,True,True,True,True,True,True,True,True,True,True,True,True,True,True,True,True,True,True,True,True,True,True,True,True,True,True,True,True,True,True,True,True,True,True,True,True,True,True,True,True,True,True,True,True,True,True,True,True,True,True,True,True,True,True,True,True,True,True,True,True,True,True,True,True,True,True,True,True,True
is_university,False,False,False,False,False,False,False,False,False,False,False,False,False,False,False,False,False,False,False,False,False,False,False,False,False,False,False,False,False,False,False,False,False,False,False,False,False,False,False,False,False,False,False,False,False,False,False,False,False,False,False,False,False,False,False,False,False,False,False,False,False,False,False,False,False,False,False,False,False,False,False,False,False,False,False,False,False,False,False,False,False,False,False,False,False
workplace_taz,-1,-1,-1,-1,-1,-1,-1,-1,-1,-1,-1,-1,-1,-1,-1,-1,-1,-1,-1,-1,-1,-1,-1,-1,-1,-1,-1,-1,-1,-1,-1,-1,-1,-1,-1,-1,-1,-1,-1,-1,-1,-1,-1,-1,-1,-1,-1,-1,-1,-1,-1,-1,-1,-1,-1,-1,-1,-1,-1,-1,-1,-1,-1,-1,-1,-1,-1,-1,-1,-1,-1,-1,-1,-1,-1,-1,-1,-1,-1,-1,-1,-1,-1,-1,-1
school_taz,1257,1257,1257,1257,1257,1257,1257,1257,1257,1257,1257,1257,1257,1257,1257,1257,1257,1257,1257,1257,1257,1257,1257,1257,1257,1257,1257,1257,1257,1257,1257,1257,1257,1257,1257,1257,1257,1257,1257,1257,1257,1257,1257,1257,1257,1257,1257,1257,1257,1257,1257,1257,1257,1257,1257,1257,1257,1257,1257,1257,1257,1257,1257,1257,1257,1257,1257,1257,1257,1257,1257,1257,1257,1257,1257,1257,1257,1257,1257,1257,1257,1257,1257,1257,1257
TAZ,755,755,755,755,755,755,755,755,755,755,755,755,755,755,755,755,755,755,755,755,755,755,755,755,755,755,755,755,755,755,755,755,755,755,755,755,755,755,755,755,755,755,755,755,755,755,755,755,755,755,755,755,755,755,755,755,755,755,755,755,755,755,755,755,755,755,755,755,755,755,755,755,755,755,755,755,755,755,755,755,755,755,755,755,755
number_of_participants,1,1,1,1,1,1,1,1,1,1,1,1,1,1,1,1,1,1,1,1,1,1,1,1,1,1,1,1,1,1,1,1,1,1,1,1,1,1,1,1,1,1,1,1,1,1,1,1,1,1,1,1,1,1,1,1,1,1,1,1,1,1,1,1,1,1,1,1,1,1,1,1,1,1,1,1,1,1,1,1,1,1,1,1,1
is_joint,False,False,False,False,False,False,False,False,False,False,False,False,False,False,False,False,False,False,False,False,False,False,False,False,False,False,False,False,False,False,False,False,False,False,False,False,False,False,False,False,False,False,False,False,False,False,False,False,False,False,False,False,False,False,False,False,False,False,False,False,False,False,False,False,False,False,False,False,False,False,False,False,False,False,False,False,False,False,False,False,False,False,False,False,False
_parent_tour_mode,,,,,,,,,,,,,,,,,,,,,,,,,,,,,,,,,,,,,,,,,,,,,,,,,,,,,,,,,,,,,,,,,,,,,,,,,,,,,,,,,,,,,
work_tour_is_drive,False,False,False,False,False,False,False,False,False,False,False,False,False,False,False,False,False,False,False,False,False,False,False,False,False,False,False,False,False,False,False,False,False,False,False,False,False,False,False,False,False,False,False,False,False,False,False,False,False,False,False,False,False,False,False,False,False,False,False,False,False,False,False,False,False,False,False,False,False,False,False,False,False,False,False,False,False,False,False,False,False,False,False,False,False
work_tour_is_bike,False,False,False,False,False,False,False,False,False,False,False,False,False,False,False,False,False,False,False,False,False,False,False,False,False,False,False,False,False,False,False,False,False,False,False,False,False,False,False,False,False,False,False,False,False,False,False,False,False,False,False,False,False,False,False,False,False,False,False,False,False,False,False,False,False,False,False,False,False,False,False,False,False,False,False,False,False,False,False,False,False,False,False,False,False
work_tour_is_SOV,False,False,False,False,False,False,False,False,False,False,False,False,False,False,False,False,False,False,False,False,False,False,False,False,False,False,False,False,False,False,False,False,False,False,False,False,False,False,False,False,False,False,False,False,False,False,False,False,False,False,False,False,False,False,False,False,False,False,False,False,False,False,False,False,False,False,False,False,False,False,False,False,False,False,False,False,False,False,False,False,False,False,False,False,False
is_mandatory,True,True,True,True,True,True,True,True,True,True,True,True,True,True,True,True,True,True,True,True,True,True,True,True,True,True,True,True,True,True,True,True,True,True,True,True,True,True,True,True,True,True,True,True,True,True,True,True,True,True,True,True,True,True,True,True,True,True,True,True,True,True,True,True,True,True,True,True,True,True,True,True,True,True,True,True,True,True,True,True,True,True,True,True,True
is_joint (2),False,False,False,False,False,False,False,False,False,False,False,False,False,False,False,False,False,False,False,False,False,False,False,False,False,False,False,False,False,False,False,False,False,False,False,False,False,False,False,False,False,False,False,False,False,False,False,False,False,False,False,False,False,False,False,False,False,False,False,False,False,False,False,False,False,False,False,False,False,False,False,False,False,False,False,False,False,False,False,False,False,False,False,False,False
is_indiv,True,True,True,True,True,True,True,True,True,True,True,True,True,True,True,True,True,True,True,True,True,True,True,True,True,True,True,True,True,True,True,True,True,True,True,True,True,True,True,True,True,True,True,True,True,True,True,True,True,True,True,True,True,True,True,True,True,True,True,True,True,True,True,True,True,True,True,True,True,True,True,True,True,True,True,True,True,True,True,True,True,True,True,True,True
is_atwork_subtour,False,False,False,False,False,False,False,False,False,False,False,False,False,False,False,False,False,False,False,False,False,False,False,False,False,False,False,False,False,False,False,False,False,False,False,False,False,False,False,False,False,False,False,False,False,False,False,False,False,False,False,False,False,False,False,False,False,False,False,False,False,False,False,False,False,False,False,False,False,False,False,False,False,False,False,False,False,False,False,False,False,False,False,False,False
is_escort,False,False,False,False,False,False,False,False,False,False,False,False,False,False,False,False,False,False,False,False,False,False,False,False,False,False,False,False,False,False,False,False,False,False,False,False,False,False,False,False,False,False,False,False,False,False,False,False,False,False,False,False,False,False,False,False,False,False,False,False,False,False,False,False,False,False,False,False,False,False,False,False,False,False,False,False,False,False,False,False,False,False,False,False,False
ivot,0.029985007496251874,0.029985007496251874,0.029985007496251874,0.029985007496251874,0.029985007496251874,0.029985007496251874,0.029985007496251874,0.029985007496251874,0.029985007496251874,0.029985007496251874,0.029985007496251874,0.029985007496251874,0.029985007496251874,0.029985007496251874,0.029985007496251874,0.029985007496251874,0.029985007496251874,0.029985007496251874,0.029985007496251874,0.029985007496251874,0.029985007496251874,0.029985007496251874,0.029985007496251874,0.029985007496251874,0.029985007496251874,0.029985007496251874,0.029985007496251874,0.029985007496251874,0.029985007496251874,0.029985007496251874,0.029985007496251874,0.029985007496251874,0.029985007496251874,0.029985007496251874,0.029985007496251874,0.029985007496251874,0.029985007496251874,0.029985007496251874,0.029985007496251874,0.029985007496251874,0.029985007496251874,0.029985007496251874,0.029985007496251874,0.029985007496251874,0.029985007496251874,0.029985007496251874,0.029985007496251874,0.029985007496251874,0.029985007496251874,0.029985007496251874,0.029985007496251874,0.029985007496251874,0.029985007496251874,0.029985007496251874,0.029985007496251874,0.029985007496251874,0.029985007496251874,0.029985007496251874,0.029985007496251874,0.029985007496251874,0.029985007496251874,0.029985007496251874,0.029985007496251874,0.029985007496251874,0.029985007496251874,0.029985007496251874,0.029985007496251874,0.029985007496251874,0.029985007496251874,0.029985007496251874,0.029985007496251874,0.029985007496251874,0.029985007496251874,0.029985007496251874,0.029985007496251874,0.029985007496251874,0.029985007496251874,0.029985007496251874,0.029985007496251874,0.029985007496251874,0.029985007496251874,0.029985007496251874,0.029985007496251874,0.029985007496251874,0.029985007496251874
dest_topology,1,1,1,1,1,1,1,1,1,1,1,1,1,1,1,1,1,1,1,1,1,1,1,1,1,1,1,1,1,1,1,1,1,1,1,1,1,1,1,1,1,1,1,1,1,1,1,1,1,1,1,1,1,1,1,1,1,1,1,1,1,1,1,1,1,1,1,1,1,1,1,1,1,1,1,1,1,1,1,1,1,1,1,1,1
terminal_time,0,0,0,0,0,0,0,0,0,0,0,0,0,0,0,0,0,0,0,0,0,0,0,0,0,0,0,0,0,0,0,0,0,0,0,0,0,0,0,0,0,0,0,0,0,0,0,0,0,0,0,0,0,0,0,0,0,0,0,0,0,0,0,0,0,0,0,0,0,0,0,0,0,0,0,0,0,0,0,0,0,0,0,0,0
dest_density_index,0.41359314299296185,0.41359314299296185,0.41359314299296185,0.41359314299296185,0.41359314299296185,0.41359314299296185,0.41359314299296185,0.41359314299296185,0.41359314299296185,0.41359314299296185,0.41359314299296185,0.41359314299296185,0.41359314299296185,0.41359314299296185,0.41359314299296185,0.41359314299296185,0.41359314299296185,0.41359314299296185,0.41359314299296185,0.41359314299296185,0.41359314299296185,0.41359314299296185,0.41359314299296185,0.41359314299296185,0.41359314299296185,0.41359314299296185,0.41359314299296185,0.41359314299296185,0.41359314299296185,0.41359314299296185,0.41359314299296185,0.41359314299296185,0.41359314299296185,0.41359314299296185,0.41359314299296185,0.41359314299296185,0.41359314299296185,0.41359314299296185,0.41359314299296185,0.41359314299296185,0.41359314299296185,0.41359314299296185,0.41359314299296185,0.41359314299296185,0.41359314299296185,0.41359314299296185,0.41359314299296185,0.41359314299296185,0.41359314299296185,0.41359314299296185,0.41359314299296185,0.41359314299296185,0.41359314299296185,0.41359314299296185,0.41359314299296185,0.41359314299296185,0.41359314299296185,0.41359314299296185,0.41359314299296185,0.41359314299296185,0.41359314299296185,0.41359314299296185,0.41359314299296185,0.41359314299296185,0.41359314299296185,0.41359314299296185,0.41359314299296185,0.41359314299296185,0.41359314299296185,0.41359314299296185,0.41359314299296185,0.41359314299296185,0.41359314299296185,0.41359314299296185,0.41359314299296185,0.41359314299296185,0.41359314299296185,0.41359314299296185,0.41359314299296185,0.41359314299296185,0.41359314299296185,0.41359314299296185,0.41359314299296185,0.41359314299296185,0.41359314299296185
_walk_transit_origin,True,True,True,True,True,True,True,True,True,True,True,True,True,True,True,True,True,True,True,True,True,True,True,True,True,True,True,True,True,True,True,True,True,True,True,True,True,True,True,True,True,True,True,True,True,True,True,True,True,True,True,True,True,True,True,True,True,True,True,True,True,True,True,True,True,True,True,True,True,True,True,True,True,True,True,True,True,True,True,True,True,True,True,True,True
_walk_transit_destination,True,True,True,True,True,True,True,True,True,True,True,True,True,True,True,True,True,True,True,True,True,True,True,True,True,True,True,True,True,True,True,True,True,True,True,True,True,True,True,True,True,True,True,True,True,True,True,True,True,True,True,True,True,True,True,True,True,True,True,True,True,True,True,True,True,True,True,True,True,True,True,True,True,True,True,True,True,True,True,True,True,True,True,True,True
walk_transit_available,True,True,True,True,True,True,True,True,True,True,True,True,True,True,True,True,True,True,True,True,True,True,True,True,True,True,True,True,True,True,True,True,True,True,True,True,True,True,True,True,True,True,True,True,True,True,True,True,True,True,True,True,True,True,True,True,True,True,True,True,True,True,True,True,True,True,True,True,True,True,True,True,True,True,True,True,True,True,True,True,True,True,True,True,True
drive_transit_available,True,True,True,True,True,True,True,True,True,True,True,True,True,True,True,True,True,True,True,True,True,True,True,True,True,True,True,True,True,True,True,True,True,True,True,True,True,True,True,True,True,True,True,True,True,True,True,True,True,True,True,True,True,True,True,True,True,True,True,True,True,True,True,True,True,True,True,True,True,True,True,True,True,True,True,True,True,True,True,True,True,True,True,True,True
origin_walk_time,6.66,6.66,6.66,6.66,6.66,6.66,6.66,6.66,6.66,6.66,6.66,6.66,6.66,6.66,6.66,6.66,6.66,6.66,6.66,6.66,6.66,6.66,6.66,6.66,6.66,6.66,6.66,6.66,6.66,6.66,6.66,6.66,6.66,6.66,6.66,6.66,6.66,6.66,6.66,6.66,6.66,6.66,6.66,6.66,6.66,6.66,6.66,6.66,6.66,6.66,6.66,6.66,6.66,6.66,6.66,6.66,6.66,6.66,6.66,6.66,6.66,6.66,6.66,6.66,6.66,6.66,6.66,6.66,6.66,6.66,6.66,6.66,6.66,6.66,6.66,6.66,6.66,6.66,6.66,6.66,6.66,6.66,6.66,6.66,6.66
destination_walk_time,6.66,6.66,6.66,6.66,6.66,6.66,6.66,6.66,6.66,6.66,6.66,6.66,6.66,6.66,6.66,6.66,6.66,6.66,6.66,6.66,6.66,6.66,6.66,6.66,6.66,6.66,6.66,6.66,6.66,6.66,6.66,6.66,6.66,6.66,6.66,6.66,6.66,6.66,6.66,6.66,6.66,6.66,6.66,6.66,6.66,6.66,6.66,6.66,6.66,6.66,6.66,6.66,6.66,6.66,6.66,6.66,6.66,6.66,6.66,6.66,6.66,6.66,6.66,6.66,6.66,6.66,6.66,6.66,6.66,6.66,6.66,6.66,6.66,6.66,6.66,6.66,6.66,6.66,6.66,6.66,6.66,6.66,6.66,6.66,6.66
origin_density_measure,5578.776372491014,5578.776372491014,5578.776372491014,5578.776372491014,5578.776372491014,5578.776372491014,5578.776372491014,5578.776372491014,5578.776372491014,5578.776372491014,5578.776372491014,5578.776372491014,5578.776372491014,5578.776372491014,5578.776372491014,5578.776372491014,5578.776372491014,5578.776372491014,5578.776372491014,5578.776372491014,5578.776372491014,5578.776372491014,5578.776372491014,5578.776372491014,5578.776372491014,5578.776372491014,5578.776372491014,5578.776372491014,5578.776372491014,5578.776372491014,5578.776372491014,5578.776372491014,5578.776372491014,5578.776372491014,5578.776372491014,5578.776372491014,5578.776372491014,5578.776372491014,5578.776372491014,5578.776372491014,5578.776372491014,5578.776372491014,5578.776372491014,5578.776372491014,5578.776372491014,5578.776372491014,5578.776372491014,5578.776372491014,5578.776372491014,5578.776372491014,5578.776372491014,5578.776372491014,5578.776372491014,5578.776372491014,5578.776372491014,5578.776372491014,5578.776372491014,5578.776372491014,5578.776372491014,5578.776372491014,5578.776372491014,5578.776372491014,5578.776372491014,5578.776372491014,5578.776372491014,5578.776372491014,5578.776372491014,5578.776372491014,5578.776372491014,5578.776372491014,5578.776372491014,5578.776372491014,5578.776372491014,5578.776372491014,5578.776372491014,5578.776372491014,5578.776372491014,5578.776372491014,5578.776372491014,5578.776372491014,5578.776372491014,5578.776372491014,5578.776372491014,5578.776372491014,5578.776372491014
dest_density_measure,8388.800564917776,8388.800564917776,8388.800564917776,8388.800564917776,8388.800564917776,8388.800564917776,8388.800564917776,8388.800564917776,8388.800564917776,8388.800564917776,8388.800564917776,8388.800564917776,8388.800564917776,8388.800564917776,8388.800564917776,8388.800564917776,8388.800564917776,8388.800564917776,8388.800564917776,8388.800564917776,8388.800564917776,8388.800564917776,8388.800564917776,8388.800564917776,8388.800564917776,8388.800564917776,8388.800564917776,8388.800564917776,8388.800564917776,8388.800564917776,8388.800564917776,8388.800564917776,8388.800564917776,8388.800564917776,8388.800564917776,8388.800564917776,8388.800564917776,8388.800564917776,8388.800564917776,8388.800564917776,8388.800564917776,8388.800564917776,8388.800564917776,8388.800564917776,8388.800564917776,8388.800564917776,8388.800564917776,8388.800564917776,8388.800564917776,8388.800564917776,8388.800564917776,8388.800564917776,8388.800564917776,8388.800564917776,8388.800564917776,8388.800564917776,8388.800564917776,8388.800564917776,8388.800564917776,8388.800564917776,8388.800564917776,8388.800564917776,8388.800564917776,8388.800564917776,8388.800564917776,8388.800564917776,8388.800564917776,8388.800564917776,8388.800564917776,8388.800564917776,8388.800564917776,8388.800564917776,8388.800564917776,8388.800564917776,8388.800564917776,8388.800564917776,8388.800564917776,8388.800564917776,8388.800564917776,8388.800564917776,8388.800564917776,8388.800564917776,8388.800564917776,8388.800564917776,8388.800564917776
origin_density,2,2,2,2,2,2,2,2,2,2,2,2,2,2,2,2,2,2,2,2,2,2,2,2,2,2,2,2,2,2,2,2,2,2,2,2,2,2,2,2,2,2,2,2,2,2,2,2,2,2,2,2,2,2,2,2,2,2,2,2,2,2,2,2,2,2,2,2,2,2,2,2,2,2,2,2,2,2,2,2,2,2,2,2,2
dest_density,2,2,2,2,2,2,2,2,2,2,2,2,2,2,2,2,2,2,2,2,2,2,2,2,2,2,2,2,2,2,2,2,2,2,2,2,2,2,2,2,2,2,2,2,2,2,2,2,2,2,2,2,2,2,2,2,2,2,2,2,2,2,2,2,2,2,2,2,2,2,2,2,2,2,2,2,2,2,2,2,2,2,2,2,2
origin_zone_taxi_wait_time_mean,9.5,9.5,9.5,9.5,9.5,9.5,9.5,9.5,9.5,9.5,9.5,9.5,9.5,9.5,9.5,9.5,9.5,9.5,9.5,9.5,9.5,9.5,9.5,9.5,9.5,9.5,9.5,9.5,9.5,9.5,9.5,9.5,9.5,9.5,9.5,9.5,9.5,9.5,9.5,9.5,9.5,9.5,9.5,9.5,9.5,9.5,9.5,9.5,9.5,9.5,9.5,9.5,9.5,9.5,9.5,9.5,9.5,9.5,9.5,9.5,9.5,9.5,9.5,9.5,9.5,9.5,9.5,9.5,9.5,9.5,9.5,9.5,9.5,9.5,9.5,9.5,9.5,9.5,9.5,9.5,9.5,9.5,9.5,9.5,9.5
origin_zone_taxi_wait_time_sd,0,0,0,0,0,0,0,0,0,0,0,0,0,0,0,0,0,0,0,0,0,0,0,0,0,0,0,0,0,0,0,0,0,0,0,0,0,0,0,0,0,0,0,0,0,0,0,0,0,0,0,0,0,0,0,0,0,0,0,0,0,0,0,0,0,0,0,0,0,0,0,0,0,0,0,0,0,0,0,0,0,0,0,0,0
dest_zone_taxi_wait_time_mean,9.5,9.5,9.5,9.5,9.5,9.5,9.5,9.5,9.5,9.5,9.5,9.5,9.5,9.5,9.5,9.5,9.5,9.5,9.5,9.5,9.5,9.5,9.5,9.5,9.5,9.5,9.5,9.5,9.5,9.5,9.5,9.5,9.5,9.5,9.5,9.5,9.5,9.5,9.5,9.5,9.5,9.5,9.5,9.5,9.5,9.5,9.5,9.5,9.5,9.5,9.5,9.5,9.5,9.5,9.5,9.5,9.5,9.5,9.5,9.5,9.5,9.5,9.5,9.5,9.5,9.5,9.5,9.5,9.5,9.5,9.5,9.5,9.5,9.5,9.5,9.5,9.5,9.5,9.5,9.5,9.5,9.5,9.5,9.5,9.5
dest_zone_taxi_wait_time_sd,0,0,0,0,0,0,0,0,0,0,0,0,0,0,0,0,0,0,0,0,0,0,0,0,0,0,0,0,0,0,0,0,0,0,0,0,0,0,0,0,0,0,0,0,0,0,0,0,0,0,0,0,0,0,0,0,0,0,0,0,0,0,0,0,0,0,0,0,0,0,0,0,0,0,0,0,0,0,0,0,0,0,0,0,0
origTaxiWaitTime,9.500000000000002,9.500000000000002,9.500000000000002,9.500000000000002,9.500000000000002,9.500000000000002,9.500000000000002,9.500000000000002,9.500000000000002,9.500000000000002,9.500000000000002,9.500000000000002,9.500000000000002,9.500000000000002,9.500000000000002,9.500000000000002,9.500000000000002,9.500000000000002,9.500000000000002,9.500000000000002,9.500000000000002,9.500000000000002,9.500000000000002,9.500000000000002,9.500000000000002,9.500000000000002,9.500000000000002,9.500000000000002,9.500000000000002,9.500000000000002,9.500000000000002,9.500000000000002,9.500000000000002,9.500000000000002,9.500000000000002,9.500000000000002,9.500000000000002,9.500000000000002,9.500000000000002,9.500000000000002,9.500000000000002,9.500000000000002,9.500000000000002,9.500000000000002,9.500000000000002,9.500000000000002,9.500000000000002,9.500000000000002,9.500000000000002,9.500000000000002,9.500000000000002,9.500000000000002,9.500000000000002,9.500000000000002,9.500000000000002,9.500000000000002,9.500000000000002,9.500000000000002,9.500000000000002,9.500000000000002,9.500000000000002,9.500000000000002,9.500000000000002,9.500000000000002,9.500000000000002,9.500000000000002,9.500000000000002,9.500000000000002,9.500000000000002,9.500000000000002,9.500000000000002,9.500000000000002,9.500000000000002,9.500000000000002,9.500000000000002,9.500000000000002,9.500000000000002,9.500000000000002,9.500000000000002,9.500000000000002,9.500000000000002,9.500000000000002,9.500000000000002,9.500000000000002,9.500000000000002
destTaxiWaitTime,9.500000000000002,9.500000000000002,9.500000000000002,9.500000000000002,9.500000000000002,9.500000000000002,9.500000000000002,9.500000000000002,9.500000000000002,9.500000000000002,9.500000000000002,9.500000000000002,9.500000000000002,9.500000000000002,9.500000000000002,9.500000000000002,9.500000000000002,9.500000000000002,9.500000000000002,9.500000000000002,9.500000000000002,9.500000000000002,9.500000000000002,9.500000000000002,9.500000000000002,9.500000000000002,9.500000000000002,9.500000000000002,9.500000000000002,9.500000000000002,9.500000000000002,9.500000000000002,9.500000000000002,9.500000000000002,9.500000000000002,9.500000000000002,9.500000000000002,9.500000000000002,9.500000000000002,9.500000000000002,9.500000000000002,9.500000000000002,9.500000000000002,9.500000000000002,9.500000000000002,9.500000000000002,9.500000000000002,9.500000000000002,9.500000000000002,9.500000000000002,9.500000000000002,9.500000000000002,9.500000000000002,9.500000000000002,9.500000000000002,9.500000000000002,9.500000000000002,9.500000000000002,9.500000000000002,9.500000000000002,9.500000000000002,9.500000000000002,9.500000000000002,9.500000000000002,9.500000000000002,9.500000000000002,9.500000000000002,9.500000000000002,9.500000000000002,9.500000000000002,9.500000000000002,9.500000000000002,9.500000000000002,9.500000000000002,9.500000000000002,9.500000000000002,9.500000000000002,9.500000000000002,9.500000000000002,9.500000000000002,9.500000000000002,9.500000000000002,9.500000000000002,9.500000000000002,9.500000000000002
origin_zone_singleTNC_wait_time_mean,6.3,6.3,6.3,6.3,6.3,6.3,6.3,6.3,6.3,6.3,6.3,6.3,6.3,6.3,6.3,6.3,6.3,6.3,6.3,6.3,6.3,6.3,6.3,6.3,6.3,6.3,6.3,6.3,6.3,6.3,6.3,6.3,6.3,6.3,6.3,6.3,6.3,6.3,6.3,6.3,6.3,6.3,6.3,6.3,6.3,6.3,6.3,6.3,6.3,6.3,6.3,6.3,6.3,6.3,6.3,6.3,6.3,6.3,6.3,6.3,6.3,6.3,6.3,6.3,6.3,6.3,6.3,6.3,6.3,6.3,6.3,6.3,6.3,6.3,6.3,6.3,6.3,6.3,6.3,6.3,6.3,6.3,6.3,6.3,6.3
origin_zone_singleTNC_wait_time_sd,0,0,0,0,0,0,0,0,0,0,0,0,0,0,0,0,0,0,0,0,0,0,0,0,0,0,0,0,0,0,0,0,0,0,0,0,0,0,0,0,0,0,0,0,0,0,0,0,0,0,0,0,0,0,0,0,0,0,0,0,0,0,0,0,0,0,0,0,0,0,0,0,0,0,0,0,0,0,0,0,0,0,0,0,0
dest_zone_singleTNC_wait_time_mean,6.3,6.3,6.3,6.3,6.3,6.3,6.3,6.3,6.3,6.3,6.3,6.3,6.3,6.3,6.3,6.3,6.3,6.3,6.3,6.3,6.3,6.3,6.3,6.3,6.3,6.3,6.3,6.3,6.3,6.3,6.3,6.3,6.3,6.3,6.3,6.3,6.3,6.3,6.3,6.3,6.3,6.3,6.3,6.3,6.3,6.3,6.3,6.3,6.3,6.3,6.3,6.3,6.3,6.3,6.3,6.3,6.3,6.3,6.3,6.3,6.3,6.3,6.3,6.3,6.3,6.3,6.3,6.3,6.3,6.3,6.3,6.3,6.3,6.3,6.3,6.3,6.3,6.3,6.3,6.3,6.3,6.3,6.3,6.3,6.3
dest_zone_singleTNC_wait_time_sd,0,0,0,0,0,0,0,0,0,0,0,0,0,0,0,0,0,0,0,0,0,0,0,0,0,0,0,0,0,0,0,0,0,0,0,0,0,0,0,0,0,0,0,0,0,0,0,0,0,0,0,0,0,0,0,0,0,0,0,0,0,0,0,0,0,0,0,0,0,0,0,0,0,0,0,0,0,0,0,0,0,0,0,0,0
origSingleTNCWaitTime,6.299999999999999,6.299999999999999,6.299999999999999,6.299999999999999,6.299999999999999,6.299999999999999,6.299999999999999,6.299999999999999,6.299999999999999,6.299999999999999,6.299999999999999,6.299999999999999,6.299999999999999,6.299999999999999,6.299999999999999,6.299999999999999,6.299999999999999,6.299999999999999,6.299999999999999,6.299999999999999,6.299999999999999,6.299999999999999,6.299999999999999,6.299999999999999,6.299999999999999,6.299999999999999,6.299999999999999,6.299999999999999,6.299999999999999,6.299999999999999,6.299999999999999,6.299999999999999,6.299999999999999,6.299999999999999,6.299999999999999,6.299999999999999,6.299999999999999,6.299999999999999,6.299999999999999,6.299999999999999,6.299999999999999,6.299999999999999,6.299999999999999,6.299999999999999,6.299999999999999,6.299999999999999,6.299999999999999,6.299999999999999,6.299999999999999,6.299999999999999,6.299999999999999,6.299999999999999,6.299999999999999,6.299999999999999,6.299999999999999,6.299999999999999,6.299999999999999,6.299999999999999,6.299999999999999,6.299999999999999,6.299999999999999,6.299999999999999,6.299999999999999,6.299999999999999,6.299999999999999,6.299999999999999,6.299999999999999,6.299999999999999,6.299999999999999,6.299999999999999,6.299999999999999,6.299999999999999,6.299999999999999,6.299999999999999,6.299999999999999,6.299999999999999,6.299999999999999,6.299999999999999,6.299999999999999,6.299999999999999,6.299999999999999,6.299999999999999,6.299999999999999,6.299999999999999,6.299999999999999
destSingleTNCWaitTime,6.299999999999999,6.299999999999999,6.299999999999999,6.299999999999999,6.299999999999999,6.299999999999999,6.299999999999999,6.299999999999999,6.299999999999999,6.299999999999999,6.299999999999999,6.299999999999999,6.299999999999999,6.299999999999999,6.299999999999999,6.299999999999999,6.299999999999999,6.299999999999999,6.299999999999999,6.299999999999999,6.299999999999999,6.299999999999999,6.299999999999999,6.299999999999999,6.299999999999999,6.299999999999999,6.299999999999999,6.299999999999999,6.299999999999999,6.299999999999999,6.299999999999999,6.299999999999999,6.299999999999999,6.299999999999999,6.299999999999999,6.299999999999999,6.299999999999999,6.299999999999999,6.299999999999999,6.299999999999999,6.299999999999999,6.299999999999999,6.299999999999999,6.299999999999999,6.299999999999999,6.299999999999999,6.299999999999999,6.299999999999999,6.299999999999999,6.299999999999999,6.299999999999999,6.299999999999999,6.299999999999999,6.299999999999999,6.299999999999999,6.299999999999999,6.299999999999999,6.299999999999999,6.299999999999999,6.299999999999999,6.299999999999999,6.299999999999999,6.299999999999999,6.299999999999999,6.299999999999999,6.299999999999999,6.299999999999999,6.299999999999999,6.299999999999999,6.299999999999999,6.299999999999999,6.299999999999999,6.299999999999999,6.299999999999999,6.299999999999999,6.299999999999999,6.299999999999999,6.299999999999999,6.299999999999999,6.299999999999999,6.299999999999999,6.299999999999999,6.299999999999999,6.299999999999999,6.299999999999999
origin_zone_sharedTNC_wait_time_mean,8.0,8.0,8.0,8.0,8.0,8.0,8.0,8.0,8.0,8.0,8.0,8.0,8.0,8.0,8.0,8.0,8.0,8.0,8.0,8.0,8.0,8.0,8.0,8.0,8.0,8.0,8.0,8.0,8.0,8.0,8.0,8.0,8.0,8.0,8.0,8.0,8.0,8.0,8.0,8.0,8.0,8.0,8.0,8.0,8.0,8.0,8.0,8.0,8.0,8.0,8.0,8.0,8.0,8.0,8.0,8.0,8.0,8.0,8.0,8.0,8.0,8.0,8.0,8.0,8.0,8.0,8.0,8.0,8.0,8.0,8.0,8.0,8.0,8.0,8.0,8.0,8.0,8.0,8.0,8.0,8.0,8.0,8.0,8.0,8.0
origin_zone_sharedTNC_wait_time_sd,0,0,0,0,0,0,0,0,0,0,0,0,0,0,0,0,0,0,0,0,0,0,0,0,0,0,0,0,0,0,0,0,0,0,0,0,0,0,0,0,0,0,0,0,0,0,0,0,0,0,0,0,0,0,0,0,0,0,0,0,0,0,0,0,0,0,0,0,0,0,0,0,0,0,0,0,0,0,0,0,0,0,0,0,0
dest_zone_sharedTNC_wait_time_mean,8.0,8.0,8.0,8.0,8.0,8.0,8.0,8.0,8.0,8.0,8.0,8.0,8.0,8.0,8.0,8.0,8.0,8.0,8.0,8.0,8.0,8.0,8.0,8.0,8.0,8.0,8.0,8.0,8.0,8.0,8.0,8.0,8.0,8.0,8.0,8.0,8.0,8.0,8.0,8.0,8.0,8.0,8.0,8.0,8.0,8.0,8.0,8.0,8.0,8.0,8.0,8.0,8.0,8.0,8.0,8.0,8.0,8.0,8.0,8.0,8.0,8.0,8.0,8.0,8.0,8.0,8.0,8.0,8.0,8.0,8.0,8.0,8.0,8.0,8.0,8.0,8.0,8.0,8.0,8.0,8.0,8.0,8.0,8.0,8.0
dest_zone_sharedTNC_wait_time_sd,0,0,0,0,0,0,0,0,0,0,0,0,0,0,0,0,0,0,0,0,0,0,0,0,0,0,0,0,0,0,0,0,0,0,0,0,0,0,0,0,0,0,0,0,0,0,0,0,0,0,0,0,0,0,0,0,0,0,0,0,0,0,0,0,0,0,0,0,0,0,0,0,0,0,0,0,0,0,0,0,0,0,0,0,0
origSharedTNCWaitTime,7.999999999999998,7.999999999999998,7.999999999999998,7.999999999999998,7.999999999999998,7.999999999999998,7.999999999999998,7.999999999999998,7.999999999999998,7.999999999999998,7.999999999999998,7.999999999999998,7.999999999999998,7.999999999999998,7.999999999999998,7.999999999999998,7.999999999999998,7.999999999999998,7.999999999999998,7.999999999999998,7.999999999999998,7.999999999999998,7.999999999999998,7.999999999999998,7.999999999999998,7.999999999999998,7.999999999999998,7.999999999999998,7.999999999999998,7.999999999999998,7.999999999999998,7.999999999999998,7.999999999999998,7.999999999999998,7.999999999999998,7.999999999999998,7.999999999999998,7.999999999999998,7.999999999999998,7.999999999999998,7.999999999999998,7.999999999999998,7.999999999999998,7.999999999999998,7.999999999999998,7.999999999999998,7.999999999999998,7.999999999999998,7.999999999999998,7.999999999999998,7.999999999999998,7.999999999999998,7.999999999999998,7.999999999999998,7.999999999999998,7.999999999999998,7.999999999999998,7.999999999999998,7.999999999999998,7.999999999999998,7.999999999999998,7.999999999999998,7.999999999999998,7.999999999999998,7.999999999999998,7.999999999999998,7.999999999999998,7.999999999999998,7.999999999999998,7.999999999999998,7.999999999999998,7.999999999999998,7.999999999999998,7.999999999999998,7.999999999999998,7.999999999999998,7.999999999999998,7.999999999999998,7.999999999999998,7.999999999999998,7.999999999999998,7.999999999999998,7.999999999999998,7.999999999999998,7.999999999999998
destSharedTNCWaitTime,7.999999999999998,7.999999999999998,7.999999999999998,7.999999999999998,7.999999999999998,7.999999999999998,7.999999999999998,7.999999999999998,7.999999999999998,7.999999999999998,7.999999999999998,7.999999999999998,7.999999999999998,7.999999999999998,7.999999999999998,7.999999999999998,7.999999999999998,7.999999999999998,7.999999999999998,7.999999999999998,7.999999999999998,7.999999999999998,7.999999999999998,7.999999999999998,7.999999999999998,7.999999999999998,7.999999999999998,7.999999999999998,7.999999999999998,7.999999999999998,7.999999999999998,7.999999999999998,7.999999999999998,7.999999999999998,7.999999999999998,7.999999999999998,7.999999999999998,7.999999999999998,7.999999999999998,7.999999999999998,7.999999999999998,7.999999999999998,7.999999999999998,7.999999999999998,7.999999999999998,7.999999999999998,7.999999999999998,7.999999999999998,7.999999999999998,7.999999999999998,7.999999999999998,7.999999999999998,7.999999999999998,7.999999999999998,7.999999999999998,7.999999999999998,7.999999999999998,7.999999999999998,7.999999999999998,7.999999999999998,7.999999999999998,7.999999999999998,7.999999999999998,7.999999999999998,7.999999999999998,7.999999999999998,7.999999999999998,7.999999999999998,7.999999999999998,7.999999999999998,7.999999999999998,7.999999999999998,7.999999999999998,7.999999999999998,7.999999999999998,7.999999999999998,7.999999999999998,7.999999999999998,7.999999999999998,7.999999999999998,7.999999999999998,7.999999999999998,7.999999999999998,7.999999999999998,7.999999999999998
totalWaitTaxi,19.000000000000004,19.000000000000004,19.000000000000004,19.000000000000004,19.000000000000004,19.000000000000004,19.000000000000004,19.000000000000004,19.000000000000004,19.000000000000004,19.000000000000004,19.000000000000004,19.000000000000004,19.000000000000004,19.000000000000004,19.000000000000004,19.000000000000004,19.000000000000004,19.000000000000004,19.000000000000004,19.000000000000004,19.000000000000004,19.000000000000004,19.000000000000004,19.000000000000004,19.000000000000004,19.000000000000004,19.000000000000004,19.000000000000004,19.000000000000004,19.000000000000004,19.000000000000004,19.000000000000004,19.000000000000004,19.000000000000004,19.000000000000004,19.000000000000004,19.000000000000004,19.000000000000004,19.000000000000004,19.000000000000004,19.000000000000004,19.000000000000004,19.000000000000004,19.000000000000004,19.000000000000004,19.000000000000004,19.000000000000004,19.000000000000004,19.000000000000004,19.000000000000004,19.000000000000004,19.000000000000004,19.000000000000004,19.000000000000004,19.000000000000004,19.000000000000004,19.000000000000004,19.000000000000004,19.000000000000004,19.000000000000004,19.000000000000004,19.000000000000004,19.000000000000004,19.000000000000004,19.000000000000004,19.000000000000004,19.000000000000004,19.000000000000004,19.000000000000004,19.000000000000004,19.000000000000004,19.000000000000004,19.000000000000004,19.000000000000004,19.000000000000004,19.000000000000004,19.000000000000004,19.000000000000004,19.000000000000004,19.000000000000004,19.000000000000004,19.000000000000004,19.000000000000004,19.000000000000004
totalWaitSingleTNC,12.599999999999998,12.599999999999998,12.599999999999998,12.599999999999998,12.599999999999998,12.599999999999998,12.599999999999998,12.599999999999998,12.599999999999998,12.599999999999998,12.599999999999998,12.599999999999998,12.599999999999998,12.599999999999998,12.599999999999998,12.599999999999998,12.599999999999998,12.599999999999998,12.599999999999998,12.599999999999998,12.599999999999998,12.599999999999998,12.599999999999998,12.599999999999998,12.599999999999998,12.599999999999998,12.599999999999998,12.599999999999998,12.599999999999998,12.599999999999998,12.599999999999998,12.599999999999998,12.599999999999998,12.599999999999998,12.599999999999998,12.599999999999998,12.599999999999998,12.599999999999998,12.599999999999998,12.599999999999998,12.599999999999998,12.599999999999998,12.599999999999998,12.599999999999998,12.599999999999998,12.599999999999998,12.599999999999998,12.599999999999998,12.599999999999998,12.599999999999998,12.599999999999998,12.599999999999998,12.599999999999998,12.599999999999998,12.599999999999998,12.599999999999998,12.599999999999998,12.599999999999998,12.599999999999998,12.599999999999998,12.599999999999998,12.599999999999998,12.599999999999998,12.599999999999998,12.599999999999998,12.599999999999998,12.599999999999998,12.599999999999998,12.599999999999998,12.599999999999998,12.599999999999998,12.599999999999998,12.599999999999998,12.599999999999998,12.599999999999998,12.599999999999998,12.599999999999998,12.599999999999998,12.599999999999998,12.599999999999998,12.599999999999998,12.599999999999998,12.599999999999998,12.599999999999998,12.599999999999998
totalWaitSharedTNC,15.999999999999996,15.999999999999996,15.999999999999996,15.999999999999996,15.999999999999996,15.999999999999996,15.999999999999996,15.999999999999996,15.999999999999996,15.999999999999996,15.999999999999996,15.999999999999996,15.999999999999996,15.999999999999996,15.999999999999996,15.999999999999996,15.999999999999996,15.999999999999996,15.999999999999996,15.999999999999996,15.999999999999996,15.999999999999996,15.999999999999996,15.999999999999996,15.999999999999996,15.999999999999996,15.999999999999996,15.999999999999996,15.999999999999996,15.999999999999996,15.999999999999996,15.999999999999996,15.999999999999996,15.999999999999996,15.999999999999996,15.999999999999996,15.999999999999996,15.999999999999996,15.999999999999996,15.999999999999996,15.999999999999996,15.999999999999996,15.999999999999996,15.999999999999996,15.999999999999996,15.999999999999996,15.999999999999996,15.999999999999996,15.999999999999996,15.999999999999996,15.999999999999996,15.999999999999996,15.999999999999996,15.999999999999996,15.999999999999996,15.999999999999996,15.999999999999996,15.999999999999996,15.999999999999996,15.999999999999996,15.999999999999996,15.999999999999996,15.999999999999996,15.999999999999996,15.999999999999996,15.999999999999996,15.999999999999996,15.999999999999996,15.999999999999996,15.999999999999996,15.999999999999996,15.999999999999996,15.999999999999996,15.999999999999996,15.999999999999996,15.999999999999996,15.999999999999996,15.999999999999996,15.999999999999996,15.999999999999996,15.999999999999996,15.999999999999996,15.999999999999996,15.999999999999996,15.999999999999996
_free_parking_available,False,False,False,False,False,False,False,False,False,False,False,False,False,False,False,False,False,False,False,False,False,False,False,False,False,False,False,False,False,False,False,False,False,False,False,False,False,False,False,False,False,False,False,False,False,False,False,False,False,False,False,False,False,False,False,False,False,False,False,False,False,False,False,False,False,False,False,False,False,False,False,False,False,False,False,False,False,False,False,False,False,False,False,False,False
_dest_hourly_peak_parking_cost,2.3565265742004597,2.3565265742004597,2.3565265742004597,2.3565265742004597,2.3565265742004597,2.3565265742004597,2.3565265742004597,2.3565265742004597,2.3565265742004597,2.3565265742004597,2.3565265742004597,2.3565265742004597,2.3565265742004597,2.3565265742004597,2.3565265742004597,2.3565265742004597,2.3565265742004597,2.3565265742004597,2.3565265742004597,2.3565265742004597,2.3565265742004597,2.3565265742004597,2.3565265742004597,2.3565265742004597,2.3565265742004597,2.3565265742004597,2.3565265742004597,2.3565265742004597,2.3565265742004597,2.3565265742004597,2.3565265742004597,2.3565265742004597,2.3565265742004597,2.3565265742004597,2.3565265742004597,2.3565265742004597,2.3565265742004597,2.3565265742004597,2.3565265742004597,2.3565265742004597,2.3565265742004597,2.3565265742004597,2.3565265742004597,2.3565265742004597,2.3565265742004597,2.3565265742004597,2.3565265742004597,2.3565265742004597,2.3565265742004597,2.3565265742004597,2.3565265742004597,2.3565265742004597,2.3565265742004597,2.3565265742004597,2.3565265742004597,2.3565265742004597,2.3565265742004597,2.3565265742004597,2.3565265742004597,2.3565265742004597,2.3565265742004597,2.3565265742004597,2.3565265742004597,2.3565265742004597,2.3565265742004597,2.3565265742004597,2.3565265742004597,2.3565265742004597,2.3565265742004597,2.3565265742004597,2.3565265742004597,2.3565265742004597,2.3565265742004597,2.3565265742004597,2.3565265742004597,2.3565265742004597,2.3565265742004597,2.3565265742004597,2.3565265742004597,2.3565265742004597,2.3565265742004597,2.3565265742004597,2.3565265742004597,2.3565265742004597,2.3565265742004597
_dest_hourly_offpeak_parking_cost,0.8940887693121198,0.8940887693121198,0.8940887693121198,0.8940887693121198,0.8940887693121198,0.8940887693121198,0.8940887693121198,0.8940887693121198,0.8940887693121198,0.8940887693121198,0.8940887693121198,0.8940887693121198,0.8940887693121198,0.8940887693121198,0.8940887693121198,0.8940887693121198,0.8940887693121198,0.8940887693121198,0.8940887693121198,0.8940887693121198,0.8940887693121198,0.8940887693121198,0.8940887693121198,0.8940887693121198,0.8940887693121198,0.8940887693121198,0.8940887693121198,0.8940887693121198,0.8940887693121198,0.8940887693121198,0.8940887693121198,0.8940887693121198,0.8940887693121198,0.8940887693121198,0.8940887693121198,0.8940887693121198,0.8940887693121198,0.8940887693121198,0.8940887693121198,0.8940887693121198,0.8940887693121198,0.8940887693121198,0.8940887693121198,0.8940887693121198,0.8940887693121198,0.8940887693121198,0.8940887693121198,0.8940887693121198,0.8940887693121198,0.8940887693121198,0.8940887693121198,0.8940887693121198,0.8940887693121198,0.8940887693121198,0.8940887693121198,0.8940887693121198,0.8940887693121198,0.8940887693121198,0.8940887693121198,0.8940887693121198,0.8940887693121198,0.8940887693121198,0.8940887693121198,0.8940887693121198,0.8940887693121198,0.8940887693121198,0.8940887693121198,0.8940887693121198,0.8940887693121198,0.8940887693121198,0.8940887693121198,0.8940887693121198,0.8940887693121198,0.8940887693121198,0.8940887693121198,0.8940887693121198,0.8940887693121198,0.8940887693121198,0.8940887693121198,0.8940887693121198,0.8940887693121198,0.8940887693121198,0.8940887693121198,0.8940887693121198,0.8940887693121198
_hourly_peak_parking_cost,2.3565265742004597,2.3565265742004597,2.3565265742004597,2.3565265742004597,2.3565265742004597,2.3565265742004597,2.3565265742004597,2.3565265742004597,2.3565265742004597,2.3565265742004597,2.3565265742004597,2.3565265742004597,2.3565265742004597,2.3565265742004597,2.3565265742004597,2.3565265742004597,2.3565265742004597,2.3565265742004597,2.3565265742004597,2.3565265742004597,2.3565265742004597,2.3565265742004597,2.3565265742004597,2.3565265742004597,2.3565265742004597,2.3565265742004597,2.3565265742004597,2.3565265742004597,2.3565265742004597,2.3565265742004597,2.3565265742004597,2.3565265742004597,2.3565265742004597,2.3565265742004597,2.3565265742004597,2.3565265742004597,2.3565265742004597,2.3565265742004597,2.3565265742004597,2.3565265742004597,2.3565265742004597,2.3565265742004597,2.3565265742004597,2.3565265742004597,2.3565265742004597,2.3565265742004597,2.3565265742004597,2.3565265742004597,2.3565265742004597,2.3565265742004597,2.3565265742004597,2.3565265742004597,2.3565265742004597,2.3565265742004597,2.3565265742004597,2.3565265742004597,2.3565265742004597,2.3565265742004597,2.3565265742004597,2.3565265742004597,2.3565265742004597,2.3565265742004597,2.3565265742004597,2.3565265742004597,2.3565265742004597,2.3565265742004597,2.3565265742004597,2.3565265742004597,2.3565265742004597,2.3565265742004597,2.3565265742004597,2.3565265742004597,2.3565265742004597,2.3565265742004597,2.3565265742004597,2.3565265742004597,2.3565265742004597,2.3565265742004597,2.3565265742004597,2.3565265742004597,2.3565265742004597,2.3565265742004597,2.3565265742004597,2.3565265742004597,2.3565265742004597
_hourly_offpeak_parking_cost,0.8940887693121198,0.8940887693121198,0.8940887693121198,0.8940887693121198,0.8940887693121198,0.8940887693121198,0.8940887693121198,0.8940887693121198,0.8940887693121198,0.8940887693121198,0.8940887693121198,0.8940887693121198,0.8940887693121198,0.8940887693121198,0.8940887693121198,0.8940887693121198,0.8940887693121198,0.8940887693121198,0.8940887693121198,0.8940887693121198,0.8940887693121198,0.8940887693121198,0.8940887693121198,0.8940887693121198,0.8940887693121198,0.8940887693121198,0.8940887693121198,0.8940887693121198,0.8940887693121198,0.8940887693121198,0.8940887693121198,0.8940887693121198,0.8940887693121198,0.8940887693121198,0.8940887693121198,0.8940887693121198,0.8940887693121198,0.8940887693121198,0.8940887693121198,0.8940887693121198,0.8940887693121198,0.8940887693121198,0.8940887693121198,0.8940887693121198,0.8940887693121198,0.8940887693121198,0.8940887693121198,0.8940887693121198,0.8940887693121198,0.8940887693121198,0.8940887693121198,0.8940887693121198,0.8940887693121198,0.8940887693121198,0.8940887693121198,0.8940887693121198,0.8940887693121198,0.8940887693121198,0.8940887693121198,0.8940887693121198,0.8940887693121198,0.8940887693121198,0.8940887693121198,0.8940887693121198,0.8940887693121198,0.8940887693121198,0.8940887693121198,0.8940887693121198,0.8940887693121198,0.8940887693121198,0.8940887693121198,0.8940887693121198,0.8940887693121198,0.8940887693121198,0.8940887693121198,0.8940887693121198,0.8940887693121198,0.8940887693121198,0.8940887693121198,0.8940887693121198,0.8940887693121198,0.8940887693121198,0.8940887693121198,0.8940887693121198,0.8940887693121198
daily_parking_cost,0.0,2.3565265742004597,4.7130531484009195,7.069579722601379,9.426106296801839,11.7826328710023,14.139159445202758,16.49568601940322,18.852212593603678,21.208739167804136,23.5652657420046,25.921792316205057,28.278318890405515,30.634845464605977,32.99137203880644,35.3478986130069,37.704425187207356,40.060951761407814,42.41747833560827,2.3565265742004597,14.139159445202758,25.921792316205057,35.3478986130069,0.0,2.3565265742004597,4.7130531484009195,7.069579722601379,9.426106296801839,11.7826328710023,14.139159445202758,16.49568601940322,18.852212593603678,21.208739167804136,23.5652657420046,25.921792316205057,28.278318890405515,30.634845464605977,32.99137203880644,35.3478986130069,37.704425187207356,9.426106296801839,21.208739167804136,30.634845464605977,7.069579722601379,18.852212593603678,28.278318890405515,4.7130531484009195,16.49568601940322,25.921792316205057,2.3565265742004597,14.139159445202758,23.5652657420046,0.0,2.3565265742004597,4.7130531484009195,7.069579722601379,9.426106296801839,11.7826328710023,14.139159445202758,16.49568601940322,18.852212593603678,21.208739167804136,23.5652657420046,25.921792316205057,9.426106296801839,18.852212593603678,7.069579722601379,16.49568601940322,4.7130531484009195,14.139159445202758,2.3565265742004597,11.7826328710023,0.0,2.3565265742004597,4.7130531484009195,7.069579722601379,9.426106296801839,11.7826328710023,14.139159445202758,7.069579722601379,4.7130531484009195,2.3565265742004597,0.0,2.3565265742004597,4.7130531484009195
distance,62.58000183105469,62.58000183105469,62.58000183105469,62.58000183105469,62.58000183105469,62.58000183105469,62.58000183105469,62.58000183105469,62.58000183105469,62.58000183105469,62.58000183105469,62.58000183105469,62.58000183105469,62.58000183105469,62.58000183105469,62.58000183105469,62.58000183105469,62.58000183105469,62.58000183105469,62.58000183105469,62.58000183105469,62.58000183105469,62.58000183105469,62.58000183105469,62.58000183105469,62.58000183105469,62.58000183105469,62.58000183105469,62.58000183105469,62.58000183105469,62.58000183105469,62.58000183105469,62.58000183105469,62.58000183105469,62.58000183105469,62.58000183105469,62.58000183105469,62.58000183105469,62.58000183105469,62.58000183105469,62.58000183105469,62.58000183105469,62.58000183105469,62.58000183105469,62.58000183105469,62.58000183105469,62.58000183105469,62.58000183105469,62.58000183105469,62.58000183105469,62.58000183105469,62.58000183105469,62.58000183105469,62.58000183105469,62.58000183105469,62.58000183105469,62.58000183105469,62.58000183105469,62.58000183105469,62.58000183105469,62.58000183105469,62.58000183105469,62.58000183105469,62.58000183105469,62.58000183105469,62.58000183105469,62.58000183105469,62.58000183105469,62.58000183105469,62.58000183105469,62.58000183105469,62.58000183105469,62.58000183105469,62.58000183105469,62.58000183105469,62.58000183105469,62.58000183105469,62.58000183105469,62.58000183105469,62.58000183105469,62.58000183105469,62.58000183105469,62.58000183105469,62.58000183105469,62.58000183105469
sov_available,True,True,True,True,True,True,True,True,True,True,True,True,True,True,True,True,True,True,True,True,True,True,True,True,True,True,True,True,True,True,True,True,True,True,True,True,True,True,True,True,True,True,True,True,True,True,True,True,True,True,True,True,True,True,True,True,True,True,True,True,True,True,True,True,True,True,True,True,True,True,True,True,True,True,True,True,True,True,True,True,True,True,True,True,True
sovtoll_available,False,False,False,False,False,False,False,False,False,False,False,False,False,False,False,False,False,False,False,False,False,False,False,False,False,False,False,False,False,False,False,False,False,False,False,False,False,False,False,False,False,False,False,False,False,False,False,False,False,False,False,False,False,False,False,False,False,False,False,False,False,False,False,False,False,False,False,False,False,False,False,False,False,False,False,False,False,False,False,False,False,False,False,False,False
hov2_available,True,True,True,True,True,True,True,True,True,True,True,True,True,True,True,True,True,True,True,True,True,True,True,True,True,True,True,True,True,True,True,True,True,True,True,True,True,True,True,True,True,True,True,True,True,True,True,True,True,True,True,True,True,True,True,True,True,True,True,True,True,True,True,True,True,True,True,True,True,True,True,True,True,True,True,True,True,True,True,True,True,True,True,True,True
hov2toll_available,False,False,False,False,False,False,False,False,False,False,False,False,False,False,False,False,False,False,False,False,False,False,False,False,False,False,False,False,False,False,False,False,False,False,False,False,False,False,False,False,False,False,False,False,False,False,False,False,False,False,False,False,False,False,False,False,False,False,False,False,False,False,False,False,False,False,False,False,False,False,False,False,False,False,False,False,False,False,False,False,False,False,False,False,False
hov3_available,True,True,True,True,True,True,True,True,True,True,True,True,True,True,True,True,True,True,True,True,True,True,True,True,True,True,True,True,True,True,True,True,True,True,True,True,True,True,True,True,True,True,True,True,True,True,True,True,True,True,True,True,True,True,True,True,True,True,True,True,True,True,True,True,True,True,True,True,True,True,True,True,True,True,True,True,True,True,True,True,True,True,True,True,True
hov3toll_available,False,False,False,False,False,False,False,False,False,False,False,False,False,False,False,False,False,False,False,False,False,False,False,False,False,False,False,False,False,False,False,False,False,False,False,False,False,False,False,False,False,False,False,False,False,False,False,False,False,False,False,False,False,False,False,False,False,False,False,False,False,False,False,False,False,False,False,False,False,False,False,False,False,False,False,False,False,False,False,False,False,False,False,False,False
walk_local_available,False,False,False,False,False,False,False,False,False,False,False,False,False,False,False,False,False,False,False,False,False,False,False,False,False,False,False,False,False,False,False,False,False,False,False,False,False,False,False,False,False,False,False,False,False,False,False,False,False,False,False,False,False,False,False,False,False,False,False,False,False,False,False,False,False,False,False,False,False,False,False,False,False,False,False,False,False,False,False,False,False,False,False,False,False
walk_commuter_available,False,False,False,False,False,False,False,False,False,False,False,False,False,False,False,False,False,False,False,False,False,False,False,False,False,False,False,False,False,False,False,False,False,False,False,False,False,False,False,False,False,False,False,False,False,False,False,False,False,False,False,False,False,False,False,False,False,False,False,False,False,False,False,False,False,False,False,False,False,False,False,False,False,False,False,False,False,False,False,False,False,False,False,False,False
walk_express_available,False,False,False,False,False,False,False,False,False,False,False,False,False,False,False,False,False,False,False,False,False,False,False,False,False,False,False,False,False,False,False,False,False,False,False,False,False,False,False,False,False,False,False,False,False,False,False,False,False,False,False,False,False,False,False,False,False,False,False,False,False,False,False,False,False,False,False,False,False,False,False,False,False,False,False,False,False,False,False,False,False,False,False,False,False
walk_heavyrail_available,False,False,False,False,False,False,False,False,False,False,False,False,False,False,False,False,False,False,False,False,False,False,False,False,False,False,False,False,False,False,False,False,False,False,False,False,False,False,False,False,False,False,False,False,False,False,False,False,False,False,False,False,False,False,False,False,False,False,False,False,False,False,False,False,False,False,False,False,False,False,False,False,False,False,False,False,False,False,False,False,False,False,False,False,False
walk_lrf_available,False,False,False,False,False,False,False,False,False,False,False,False,False,False,False,False,False,False,False,False,False,False,False,False,False,False,False,False,False,False,False,False,False,False,False,False,False,False,False,False,False,False,False,False,False,False,False,False,False,False,False,False,False,False,False,False,False,False,False,False,False,False,False,False,False,False,False,False,False,False,False,False,False,False,False,False,False,False,False,False,False,False,False,False,False
walk_ferry_available,False,False,False,False,False,False,False,False,False,False,False,False,False,False,False,False,False,False,False,False,False,False,False,False,False,False,False,False,False,False,False,False,False,False,False,False,False,False,False,False,False,False,False,False,False,False,False,False,False,False,False,False,False,False,False,False,False,False,False,False,False,False,False,False,False,False,False,False,False,False,False,False,False,False,False,False,False,False,False,False,False,False,False,False,False
drive_local_available,False,False,False,False,False,False,False,False,False,False,False,False,False,False,False,False,False,False,False,False,False,False,False,False,False,False,False,False,False,False,False,False,False,False,False,False,False,False,False,False,False,False,False,False,False,False,False,False,False,False,False,False,False,False,False,False,False,False,False,False,False,False,False,False,False,False,False,False,False,False,False,False,False,False,False,False,False,False,False,False,False,False,False,False,False
drive_commuter_available,False,False,False,False,False,False,False,False,False,False,False,False,False,False,False,False,False,False,False,False,False,False,False,False,False,False,False,False,False,False,False,False,False,False,False,False,False,False,False,False,False,False,False,False,False,False,False,False,False,False,False,False,False,False,False,False,False,False,False,False,False,False,False,False,False,False,False,False,False,False,False,False,False,False,False,False,False,False,False,False,False,False,False,False,False
drive_express_available,False,False,False,False,False,False,False,False,False,False,False,False,False,False,False,False,False,False,False,False,False,False,False,False,False,False,False,False,False,False,False,False,False,False,False,False,False,False,False,False,False,False,False,False,False,False,False,False,False,False,False,False,False,False,False,False,False,False,False,False,False,False,False,False,False,False,False,False,False,False,False,False,False,False,False,False,False,False,False,False,False,False,False,False,False
drive_heavyrail_available,False,False,False,False,False,False,False,False,False,False,False,False,False,False,False,False,False,False,False,False,False,False,False,False,False,False,False,False,False,False,False,False,False,False,False,False,False,False,False,False,False,False,False,False,False,False,False,False,False,False,False,False,False,False,False,False,False,False,False,False,False,False,False,False,False,False,False,False,False,False,False,False,False,False,False,False,False,False,False,False,False,False,False,False,False
drive_lrf_available,False,False,False,False,False,False,False,False,False,False,False,False,False,False,False,False,False,False,False,False,False,False,False,False,False,False,False,False,False,False,False,False,False,False,False,False,False,False,False,False,False,False,False,False,False,False,False,False,False,False,False,False,False,False,False,False,False,False,False,False,False,False,False,False,False,False,False,False,False,False,False,False,False,False,False,False,False,False,False,False,False,False,False,False,False
drive_ferry_available,False,False,False,False,False,False,False,False,False,False,False,False,False,False,False,False,False,False,False,False,False,False,False,False,False,False,False,False,False,False,False,False,False,False,False,False,False,False,False,False,False,False,False,False,False,False,False,False,False,False,False,False,False,False,False,False,False,False,False,False,False,False,False,False,False,False,False,False,False,False,False,False,False,False,False,False,False,False,False,False,False,False,False,False,False
destination_in_cbd,0,0,0,0,0,0,0,0,0,0,0,0,0,0,0,0,0,0,0,0,0,0,0,0,0,0,0,0,0,0,0,0,0,0,0,0,0,0,0,0,0,0,0,0,0,0,0,0,0,0,0,0,0,0,0,0,0,0,0,0,0,0,0,0,0,0,0,0,0,0,0,0,0,0,0,0,0,0,0,0,0,0,0,0,0
